-- MySQL dump 10.13  Distrib 8.0.33, for Win64 (x86_64)
--
-- Host: 127.0.0.1    Database: e_commerce_shoes
-- ------------------------------------------------------
-- Server version	8.0.33

/*!40101 SET @OLD_CHARACTER_SET_CLIENT=@@CHARACTER_SET_CLIENT */;
/*!40101 SET @OLD_CHARACTER_SET_RESULTS=@@CHARACTER_SET_RESULTS */;
/*!40101 SET @OLD_COLLATION_CONNECTION=@@COLLATION_CONNECTION */;
/*!50503 SET NAMES utf8 */;
/*!40103 SET @OLD_TIME_ZONE=@@TIME_ZONE */;
/*!40103 SET TIME_ZONE='+00:00' */;
/*!40014 SET @OLD_UNIQUE_CHECKS=@@UNIQUE_CHECKS, UNIQUE_CHECKS=0 */;
/*!40014 SET @OLD_FOREIGN_KEY_CHECKS=@@FOREIGN_KEY_CHECKS, FOREIGN_KEY_CHECKS=0 */;
/*!40101 SET @OLD_SQL_MODE=@@SQL_MODE, SQL_MODE='NO_AUTO_VALUE_ON_ZERO' */;
/*!40111 SET @OLD_SQL_NOTES=@@SQL_NOTES, SQL_NOTES=0 */;

--
-- Table structure for table `address`
--

DROP TABLE IF EXISTS `address`;
/*!40101 SET @saved_cs_client     = @@character_set_client */;
/*!50503 SET character_set_client = utf8mb4 */;
CREATE TABLE `address` (
  `id` bigint NOT NULL AUTO_INCREMENT,
  `city` varchar(1000) DEFAULT NULL,
  `address` varchar(255) DEFAULT NULL,
  `district` varchar(1000) DEFAULT NULL,
  `ward` varchar(1000) DEFAULT NULL,
  PRIMARY KEY (`id`)
) ENGINE=InnoDB AUTO_INCREMENT=79 DEFAULT CHARSET=utf8mb4 COLLATE=utf8mb4_0900_ai_ci;
/*!40101 SET character_set_client = @saved_cs_client */;

--
-- Dumping data for table `address`
--

LOCK TABLES `address` WRITE;
/*!40000 ALTER TABLE `address` DISABLE KEYS */;
INSERT INTO `address` VALUES (24,'lmao','dark','bruh','cheems'),(25,'lmao','dark','bruh','cheems'),(26,'lmao','dark','bruh','cheems'),(27,'lmao','dark','bruh','cheems'),(31,'lmao','dark','bruh','cheems'),(33,'lmao','dark','bruh','cheems'),(34,'lmao','dark','bruh','cheems'),(35,'lmao','dark','bruh','cheems'),(36,'lmao','dark','bruh','cheems'),(37,'lmao','dark','bruh','cheems'),(38,'lmao','dark','bruh','cheems'),(39,'lmao','dark','bruh','cheems'),(40,'lmao','dark','bruh','cheems'),(41,'lmao','dark','bruh','cheems'),(42,'lmao','dark','bruh','cheems'),(43,'lmao','dark','bruh','cheems'),(44,'lmao','dark','bruh','cheems'),(45,'lmao','dark','bruh','cheems'),(46,'lmao','dark','bruh','cheems'),(47,'lmao','dark','bruh','cheems'),(48,'lmao','dark','bruh','cheems'),(49,'lmao','dark','bruh','cheems'),(50,'lmao','dark','bruh','cheems'),(51,'lmao','dark','bruh','cheems'),(52,'lmao','dark','bruh','cheems'),(53,'lmao','dark','bruh','cheems'),(54,'lmao','dark','bruh','cheems'),(55,'lmao','dark','bruh','cheems'),(56,'lmao','dark','bruh','cheems'),(57,'lmao','dark','bruh','cheems'),(58,'lmao','dark','bruh','cheems'),(59,'lmao','dark','bruh','cheems'),(60,'lmao','dark','bruh','cheems'),(61,'lmao','dark','bruh','cheems'),(62,'lmao','dark','bruh','cheems'),(63,'lmao','dark','bruh','cheems'),(64,'lmao','dark','bruh','cheems'),(65,'lmao','dark','bruh','cheems'),(66,'lmao','dark','bruh','cheems'),(67,'lmao','dark','bruh','cheems'),(68,'lmao','dark','bruh','cheems'),(69,'lmao','dark','bruh','cheems'),(70,'lmao','dark','bruh','cheems'),(71,'lmao','dark','bruh','cheems'),(72,'lmao','dark','bruh','cheems'),(73,'lmao','dark','bruh','cheems'),(74,'lmao','dark','bruh','cheems'),(75,'lmao','dark','bruh','cheems'),(76,'lmao','dark','bruh','cheems'),(77,'lmao','dark','bruh','cheems'),(78,'lmao','dark','bruh','cheems');
/*!40000 ALTER TABLE `address` ENABLE KEYS */;
UNLOCK TABLES;

--
-- Table structure for table `cart`
--

DROP TABLE IF EXISTS `cart`;
/*!40101 SET @saved_cs_client     = @@character_set_client */;
/*!50503 SET character_set_client = utf8mb4 */;
CREATE TABLE `cart` (
  `cart_id` bigint NOT NULL AUTO_INCREMENT,
  `total_item` int DEFAULT NULL,
  `total_price` int DEFAULT NULL,
  `user_id` bigint NOT NULL,
  PRIMARY KEY (`cart_id`),
  KEY `FKl70asp4l4w0jmbm1tqyofho4o` (`user_id`),
  CONSTRAINT `FKl70asp4l4w0jmbm1tqyofho4o` FOREIGN KEY (`user_id`) REFERENCES `user` (`id`)
) ENGINE=InnoDB AUTO_INCREMENT=11 DEFAULT CHARSET=utf8mb4 COLLATE=utf8mb4_0900_ai_ci;
/*!40101 SET character_set_client = @saved_cs_client */;

--
-- Dumping data for table `cart`
--

LOCK TABLES `cart` WRITE;
/*!40000 ALTER TABLE `cart` DISABLE KEYS */;
INSERT INTO `cart` VALUES (7,0,0,1),(8,6,2562000,2),(10,0,0,5);
/*!40000 ALTER TABLE `cart` ENABLE KEYS */;
UNLOCK TABLES;

--
-- Table structure for table `cart_item`
--

DROP TABLE IF EXISTS `cart_item`;
/*!40101 SET @saved_cs_client     = @@character_set_client */;
/*!50503 SET character_set_client = utf8mb4 */;
CREATE TABLE `cart_item` (
  `cart_item_id` bigint NOT NULL AUTO_INCREMENT,
  `price` int DEFAULT NULL,
  `quantity` int DEFAULT NULL,
  `cart_id` bigint DEFAULT NULL,
  `product_item_id` bigint DEFAULT NULL,
  `total_price` int DEFAULT NULL,
  `order_item_id` bigint DEFAULT NULL,
  PRIMARY KEY (`cart_item_id`),
  KEY `FK1uobyhgl1wvgt1jpccia8xxs3` (`cart_id`),
  KEY `FKj46f52s31n4pbpgucd6x2ci46` (`product_item_id`),
  KEY `FKjf5jd3pbctwr3xerd2hlsa6m1` (`order_item_id`),
  CONSTRAINT `FK1uobyhgl1wvgt1jpccia8xxs3` FOREIGN KEY (`cart_id`) REFERENCES `cart` (`cart_id`),
  CONSTRAINT `FKj46f52s31n4pbpgucd6x2ci46` FOREIGN KEY (`product_item_id`) REFERENCES `product_item` (`product_item_id`),
  CONSTRAINT `FKjf5jd3pbctwr3xerd2hlsa6m1` FOREIGN KEY (`order_item_id`) REFERENCES `order_item` (`id`)
) ENGINE=InnoDB AUTO_INCREMENT=43 DEFAULT CHARSET=utf8mb4 COLLATE=utf8mb4_0900_ai_ci;
/*!40101 SET character_set_client = @saved_cs_client */;

--
-- Dumping data for table `cart_item`
--

LOCK TABLES `cart_item` WRITE;
/*!40000 ALTER TABLE `cart_item` DISABLE KEYS */;
INSERT INTO `cart_item` VALUES (20,358000,0,8,296,0,NULL),(21,427000,0,8,280,0,NULL),(22,358000,0,8,283,0,NULL),(23,358000,0,8,284,0,NULL),(24,358000,0,8,291,0,NULL),(25,358000,0,8,292,0,NULL),(26,358000,0,8,294,0,NULL),(33,358000,0,10,293,0,NULL),(34,358000,0,10,294,0,NULL),(35,358000,0,10,289,0,NULL),(36,460000,0,10,237,0,NULL),(37,460000,0,8,237,0,NULL),(38,460000,0,8,245,0,NULL),(39,427000,3,8,271,1281000,NULL),(40,427000,3,8,272,1281000,NULL),(41,427000,0,10,271,0,NULL),(42,427000,0,10,272,0,NULL);
/*!40000 ALTER TABLE `cart_item` ENABLE KEYS */;
UNLOCK TABLES;

--
-- Table structure for table `category`
--

DROP TABLE IF EXISTS `category`;
/*!40101 SET @saved_cs_client     = @@character_set_client */;
/*!50503 SET character_set_client = utf8mb4 */;
CREATE TABLE `category` (
  `category_id` bigint NOT NULL AUTO_INCREMENT,
  `parent_category_id` bigint DEFAULT NULL,
  `name` varchar(255) DEFAULT NULL,
  PRIMARY KEY (`category_id`),
  KEY `FKs2ride9gvilxy2tcuv7witnxc` (`parent_category_id`),
  CONSTRAINT `FKs2ride9gvilxy2tcuv7witnxc` FOREIGN KEY (`parent_category_id`) REFERENCES `category` (`category_id`)
) ENGINE=InnoDB AUTO_INCREMENT=31 DEFAULT CHARSET=utf8mb4 COLLATE=utf8mb4_0900_ai_ci;
/*!40101 SET character_set_client = @saved_cs_client */;

--
-- Dumping data for table `category`
--

LOCK TABLES `category` WRITE;
/*!40000 ALTER TABLE `category` DISABLE KEYS */;
INSERT INTO `category` VALUES (1,NULL,'Nam'),(2,NULL,'Nữ'),(3,1,'Giày Sabo'),(4,1,'Giày Sandal'),(5,1,'Giày Tây'),(6,1,'Giày Tăng chiều cao'),(7,1,'Giày Bốt'),(8,1,'Giày Thể Thao'),(9,1,'SNEAKER Nam'),(10,1,'Dép'),(11,2,'Giày Sandal'),(12,2,'Giày Cao Gót'),(13,2,'Giày Thời Trang'),(14,2,'Giày Búp Bê'),(15,2,'Giày Chạy Bộ - Đi Bộ'),(16,2,'Giày Thể Thao'),(17,2,'Dép'),(18,2,'Giày Bốt Nữ'),(19,2,'Giày Sabo Nữ'),(20,2,'SNEAKER Nữ'),(21,NULL,'Bé Trai'),(22,NULL,'Bé Gái'),(23,21,'Giày Thể Thao'),(24,21,'Giày Sandal'),(25,21,'Dép'),(26,21,'Giày Tập Đi'),(27,22,'Giày Búp Bê'),(28,22,'Giày Thể Thao'),(29,22,'Giày Sandal'),(30,22,'Dép');
/*!40000 ALTER TABLE `category` ENABLE KEYS */;
UNLOCK TABLES;

--
-- Table structure for table `category_promotion`
--

DROP TABLE IF EXISTS `category_promotion`;
/*!40101 SET @saved_cs_client     = @@character_set_client */;
/*!50503 SET character_set_client = utf8mb4 */;
CREATE TABLE `category_promotion` (
  `category_id` bigint NOT NULL,
  `promotion_id` bigint NOT NULL,
  KEY `FKifq0vw6tqt1urble6pp6jsnbt` (`promotion_id`),
  KEY `FK87cxk17uorcmb982dwfx6ofee` (`category_id`),
  CONSTRAINT `FK87cxk17uorcmb982dwfx6ofee` FOREIGN KEY (`category_id`) REFERENCES `category` (`category_id`),
  CONSTRAINT `FKifq0vw6tqt1urble6pp6jsnbt` FOREIGN KEY (`promotion_id`) REFERENCES `promotion` (`id`)
) ENGINE=InnoDB DEFAULT CHARSET=utf8mb4 COLLATE=utf8mb4_0900_ai_ci;
/*!40101 SET character_set_client = @saved_cs_client */;

--
-- Dumping data for table `category_promotion`
--

LOCK TABLES `category_promotion` WRITE;
/*!40000 ALTER TABLE `category_promotion` DISABLE KEYS */;
/*!40000 ALTER TABLE `category_promotion` ENABLE KEYS */;
UNLOCK TABLES;

--
-- Table structure for table `delivery`
--

DROP TABLE IF EXISTS `delivery`;
/*!40101 SET @saved_cs_client     = @@character_set_client */;
/*!50503 SET character_set_client = utf8mb4 */;
CREATE TABLE `delivery` (
  `id` bigint NOT NULL AUTO_INCREMENT,
  `description` varchar(255) DEFAULT NULL,
  `estimated_shipping_time` int DEFAULT NULL,
  `name` varchar(255) DEFAULT NULL,
  `price` int DEFAULT NULL,
  PRIMARY KEY (`id`)
) ENGINE=InnoDB AUTO_INCREMENT=4 DEFAULT CHARSET=utf8mb4 COLLATE=utf8mb4_0900_ai_ci;
/*!40101 SET character_set_client = @saved_cs_client */;

--
-- Dumping data for table `delivery`
--

LOCK TABLES `delivery` WRITE;
/*!40000 ALTER TABLE `delivery` DISABLE KEYS */;
INSERT INTO `delivery` VALUES (1,'Chuyển phát trong vòng 5 ngày kể từ khi đặt hàng',5,'Chuyển phát nhanh',18000),(2,'Chuyển phát hỏa tốc trong vòng 3 ngày kể từ khi đặt hàng',3,'Hỏa tốc',45000),(3,'Chuyên phát thần tốc',1,'Chuyển giao trong ngày',99000);
/*!40000 ALTER TABLE `delivery` ENABLE KEYS */;
UNLOCK TABLES;

--
-- Table structure for table `order_item`
--

DROP TABLE IF EXISTS `order_item`;
/*!40101 SET @saved_cs_client     = @@character_set_client */;
/*!50503 SET character_set_client = utf8mb4 */;
CREATE TABLE `order_item` (
  `id` bigint NOT NULL AUTO_INCREMENT,
  `created_at` datetime(6) DEFAULT NULL,
  `price` int DEFAULT NULL,
  `quantity` int DEFAULT NULL,
  `order_id` bigint DEFAULT NULL,
  `total_price` int DEFAULT NULL,
  `product_item_id` bigint DEFAULT NULL,
  PRIMARY KEY (`id`),
  KEY `FKt4dc2r9nbvbujrljv3e23iibt` (`order_id`),
  KEY `FKcdqml0b87oh0ukk87wjx9fk86` (`product_item_id`),
  CONSTRAINT `FKcdqml0b87oh0ukk87wjx9fk86` FOREIGN KEY (`product_item_id`) REFERENCES `product_item` (`product_item_id`),
  CONSTRAINT `FKt4dc2r9nbvbujrljv3e23iibt` FOREIGN KEY (`order_id`) REFERENCES `orders` (`id`)
) ENGINE=InnoDB AUTO_INCREMENT=109 DEFAULT CHARSET=utf8mb4 COLLATE=utf8mb4_0900_ai_ci;
/*!40101 SET character_set_client = @saved_cs_client */;

--
-- Dumping data for table `order_item`
--

LOCK TABLES `order_item` WRITE;
/*!40000 ALTER TABLE `order_item` DISABLE KEYS */;
INSERT INTO `order_item` VALUES (23,'2023-12-07 15:54:17.812000',358000,2,31,716000,283),(25,'2023-12-07 16:16:58.117000',358000,3,33,1074000,283),(26,'2023-12-07 16:16:58.118000',358000,1,33,358000,296),(27,'2023-12-07 20:13:20.531000',358000,1,34,358000,294),(28,'2023-12-07 20:13:20.533000',358000,1,34,358000,296),(29,'2023-12-08 04:15:08.326000',358000,2,35,716000,294),(30,'2023-12-09 03:16:03.462000',358000,1,36,358000,293),(94,'2023-12-10 09:47:54.397000',460000,2,69,920000,237),(95,'2023-12-10 22:16:12.039000',427000,2,70,854000,271),(96,'2023-12-10 22:16:12.040000',427000,1,70,427000,272),(97,'2023-12-11 05:51:50.821000',427000,2,71,854000,271),(98,'2023-12-11 05:51:50.823000',427000,1,71,427000,272),(101,'2023-12-11 05:55:58.246000',427000,2,73,854000,271),(102,'2023-12-11 05:55:58.247000',427000,1,73,427000,272),(103,'2023-12-18 18:38:02.843000',427000,2,74,854000,271),(104,'2023-12-18 18:38:02.845000',427000,1,74,427000,272),(105,'2023-12-18 18:42:24.459000',427000,2,75,854000,271),(106,'2023-12-18 18:42:24.461000',427000,1,75,427000,272),(107,'2023-12-18 19:30:01.189000',427000,2,76,854000,271),(108,'2023-12-18 19:30:01.195000',427000,1,76,427000,272);
/*!40000 ALTER TABLE `order_item` ENABLE KEYS */;
UNLOCK TABLES;

--
-- Table structure for table `orders`
--

DROP TABLE IF EXISTS `orders`;
/*!40101 SET @saved_cs_client     = @@character_set_client */;
/*!50503 SET character_set_client = utf8mb4 */;
CREATE TABLE `orders` (
  `id` bigint NOT NULL AUTO_INCREMENT,
  `created_at` datetime(6) DEFAULT NULL,
  `total_item` int DEFAULT NULL,
  `total_payment` int DEFAULT NULL,
  `updated_at` datetime(6) DEFAULT NULL,
  `address_id` bigint DEFAULT NULL,
  `delivery_id` bigint DEFAULT NULL,
  `user_id` bigint DEFAULT NULL,
  `order_status` bigint DEFAULT NULL,
  `final_payment` int DEFAULT NULL,
  `user_payment_method_id` bigint DEFAULT NULL,
  PRIMARY KEY (`id`),
  KEY `FKf5464gxwc32ongdvka2rtvw96` (`address_id`),
  KEY `FKtkrur7wg4d8ax0pwgo0vmy20c` (`delivery_id`),
  KEY `FKel9kyl84ego2otj2accfd8mr7` (`user_id`),
  KEY `FKakb1bcbd52td26dlk8kvu0glv` (`order_status`),
  KEY `FKqippj57d958yt8kaefy29bv8q` (`user_payment_method_id`),
  CONSTRAINT `FKakb1bcbd52td26dlk8kvu0glv` FOREIGN KEY (`order_status`) REFERENCES `status_order` (`id`),
  CONSTRAINT `FKel9kyl84ego2otj2accfd8mr7` FOREIGN KEY (`user_id`) REFERENCES `user` (`id`),
  CONSTRAINT `FKf5464gxwc32ongdvka2rtvw96` FOREIGN KEY (`address_id`) REFERENCES `address` (`id`),
  CONSTRAINT `FKqippj57d958yt8kaefy29bv8q` FOREIGN KEY (`user_payment_method_id`) REFERENCES `user_payment_method` (`id`),
  CONSTRAINT `FKtkrur7wg4d8ax0pwgo0vmy20c` FOREIGN KEY (`delivery_id`) REFERENCES `delivery` (`id`)
) ENGINE=InnoDB AUTO_INCREMENT=77 DEFAULT CHARSET=utf8mb4 COLLATE=utf8mb4_0900_ai_ci;
/*!40101 SET character_set_client = @saved_cs_client */;

--
-- Dumping data for table `orders`
--

LOCK TABLES `orders` WRITE;
/*!40000 ALTER TABLE `orders` DISABLE KEYS */;
INSERT INTO `orders` VALUES (31,'2023-12-07 15:54:17.817000',2,716000,'2023-12-07 15:54:17.817000',33,1,2,2,734000,1),(33,'2023-12-07 16:16:58.119000',4,1432000,'2023-12-07 16:16:58.119000',35,1,2,1,1450000,1),(34,'2023-12-07 20:13:20.536000',2,716000,'2023-12-07 20:13:20.536000',36,1,2,1,734000,1),(35,'2023-12-08 04:15:08.329000',2,716000,'2023-12-08 04:15:08.329000',37,1,2,11,734000,1),(36,'2023-12-09 03:16:03.475000',1,358000,'2023-12-09 03:16:03.475000',38,1,5,2,376000,4),(69,'2023-12-10 09:47:54.411000',2,920000,'2023-12-10 09:47:54.411000',71,1,5,2,938000,4),(70,'2023-12-10 22:16:12.057000',3,1281000,'2023-12-10 22:16:12.057000',72,1,5,2,1299000,4),(71,'2023-12-11 05:51:50.845000',3,1281000,'2023-12-11 05:51:50.845000',73,1,5,9,1299000,4),(73,'2023-12-11 05:55:58.255000',3,1281000,'2023-12-11 05:55:58.255000',75,1,5,9,1299000,4),(74,'2023-12-18 18:38:02.863000',3,1281000,'2023-12-18 18:38:02.863000',76,1,5,11,1299000,5),(75,'2023-12-18 18:42:24.463000',3,1281000,'2023-12-18 18:42:24.463000',77,1,5,11,1299000,5),(76,'2023-12-18 19:30:01.211000',3,1281000,'2023-12-18 19:30:01.211000',78,1,5,9,1299000,5);
/*!40000 ALTER TABLE `orders` ENABLE KEYS */;
UNLOCK TABLES;

--
-- Table structure for table `payment_method`
--

DROP TABLE IF EXISTS `payment_method`;
/*!40101 SET @saved_cs_client     = @@character_set_client */;
/*!50503 SET character_set_client = utf8mb4 */;
CREATE TABLE `payment_method` (
  `id` bigint NOT NULL AUTO_INCREMENT,
  `describes` varchar(255) DEFAULT NULL,
  `name_method` varchar(255) DEFAULT NULL,
  PRIMARY KEY (`id`)
) ENGINE=InnoDB AUTO_INCREMENT=4 DEFAULT CHARSET=utf8mb4 COLLATE=utf8mb4_0900_ai_ci;
/*!40101 SET character_set_client = @saved_cs_client */;

--
-- Dumping data for table `payment_method`
--

LOCK TABLES `payment_method` WRITE;
/*!40000 ALTER TABLE `payment_method` DISABLE KEYS */;
INSERT INTO `payment_method` VALUES (1,'Thanh toán trực tuyến (VNPAY-QR, Thẻ tín dụng, Thẻ nội địa)','Ví VN Pay'),(2,'Thanh toán khi nhận hàng','COD'),(3,'Ví Momo','Ví Momo');
/*!40000 ALTER TABLE `payment_method` ENABLE KEYS */;
UNLOCK TABLES;

--
-- Table structure for table `product`
--

DROP TABLE IF EXISTS `product`;
/*!40101 SET @saved_cs_client     = @@character_set_client */;
/*!50503 SET character_set_client = utf8mb4 */;
CREATE TABLE `product` (
  `product_id` bigint NOT NULL AUTO_INCREMENT,
  `description` mediumtext,
  `name` varchar(255) DEFAULT NULL,
  `product_image` mediumtext,
  `category_id` bigint DEFAULT NULL,
  `created_date` datetime(6) DEFAULT NULL,
  `modified_date` datetime(6) DEFAULT NULL,
  `is_active` bit(1) DEFAULT NULL,
  `rating` double DEFAULT NULL,
  `sold` int DEFAULT NULL,
  `estimated_price` varchar(255) DEFAULT NULL,
  PRIMARY KEY (`product_id`),
  KEY `FK1mtsbur82frn64de7balymq9s` (`category_id`),
  CONSTRAINT `FK1mtsbur82frn64de7balymq9s` FOREIGN KEY (`category_id`) REFERENCES `category` (`category_id`)
) ENGINE=InnoDB AUTO_INCREMENT=63 DEFAULT CHARSET=utf8mb4 COLLATE=utf8mb4_0900_ai_ci;
/*!40101 SET character_set_client = @saved_cs_client */;

--
-- Dumping data for table `product`
--

LOCK TABLES `product` WRITE;
/*!40000 ALTER TABLE `product` DISABLE KEYS */;
INSERT INTO `product` VALUES (37,'Chất liệu quai: chất liệu vải thấm hút tốt được gia công tỉ mỉ sẽ là sự lựa chọn mới mẻ cho tủ đồ của bạn. Chất liệu đế: EVA với các rãnh chống trơn trượt. Mặt lót mềm mại mang đến cho người dùng trải nghiệm thoải mái. Kiểu dáng: trẻ trung năng động, dễ dàng phối hợp cùng nhiều set đồ khác nhau.','Sandal Si Cao Su Nam BRM000900','https://res.cloudinary.com/dmvncmrci/image/upload/v1701705255/Product/brm000900den1_e3c8a7b5cd884a39a6d185ae286dc2fb_1024x1024_ttrl23.webp',4,'2023-12-04 23:04:37.236000','2023-12-04 23:04:37.236000',_binary '',0,0,'339000'),(38,'Chất liệu quai: chất liệu vải thấm hút tốt được gia công tỉ mỉ sẽ là sự lựa chọn mới mẻ cho tủ đồ của bạn. Chất liệu đế: EVA với các rãnh chống trơn trượt. Mặt lót mềm mại mang đến cho người dùng trải nghiệm thoải mái. Kiểu dáng: trẻ trung năng động, dễ dàng phối hợp cùng nhiều set đồ khác nhau.','Sandal Eva Phun Nam BEM001500','https://res.cloudinary.com/dmvncmrci/image/upload/v1701706211/Product/bem001500den1_187bb7816a2446f4b64cb800bfe6ea5a_1024x1024_wqugkh.webp',4,'2023-12-04 23:09:28.981000','2023-12-04 23:09:28.981000',_binary '',0,0,'368000'),(39,'Chất liệu quai: chất liệu vải thấm hút tốt được gia công tỉ mỉ sẽ là sự lựa chọn mới mẻ cho tủ đồ của bạn. Chất liệu đế: EVA với các rãnh chống trơn trượt. Mặt lót mềm mại mang đến cho người dùng trải nghiệm thoải mái. Kiểu dáng: trẻ trung năng động, dễ dàng phối hợp cùng nhiều set đồ khác nhau.','Sandal Eva Phun Nam HEM000700','https://res.cloudinary.com/dmvncmrci/image/upload/v1701706548/Product/hem000700kem1_2e0a521c4112491ea8a254c8fc622c1d_1024x1024_l6rij2.webp',4,'2023-12-04 23:18:24.903000','2023-12-04 23:18:24.903000',_binary '',5,1,'460000'),(40,'Chất liệu quai: chất liệu vải thấm hút tốt được gia công tỉ mỉ sẽ là sự lựa chọn mới mẻ cho tủ đồ của bạn. Chất liệu đế: EVA với các rãnh chống trơn trượt. Mặt lót mềm mại mang đến cho người dùng trải nghiệm thoải mái. Kiểu dáng: trẻ trung năng động, dễ dàng phối hợp cùng nhiều set đồ khác nhau.','Giày Thể Thao Thông Dụng Nam Basic BSM000600','https://res.cloudinary.com/dmvncmrci/image/upload/v1701704457/Product/bsm000600trg__2__dc7ce618c3f14f9283a11fbff9e3b56a_1024x1024_dwnp8b.webp',8,'2023-12-04 23:40:20.460000','2023-12-07 23:24:31.441000',_binary '',0,0,'368000'),(41,'Chất liệu quai: chất liệu vải thấm hút tốt được gia công tỉ mỉ sẽ là sự lựa chọn mới mẻ cho tủ đồ của bạn. Chất liệu đế: EVA với các rãnh chống trơn trượt. Mặt lót mềm mại mang đến cho người dùng trải nghiệm thoải mái. Kiểu dáng: trẻ trung năng động, dễ dàng phối hợp cùng nhiều set đồ khác nhau.','Giày Thể Thao Thông Dụng Nam BSM000700','https://res.cloudinary.com/dmvncmrci/image/upload/v1701708430/Product/bsm000700den__2__458e2c4ec9854a638958a2261c6d3571_1024x1024_vxyobu.webp',8,'2023-12-04 23:47:56.516000','2023-12-18 01:35:25.888000',_binary '',3.5,-39,'427000'),(42,'Chất liệu quai: chất liệu vải thấm hút tốt được gia công tỉ mỉ sẽ là sự lựa chọn mới mẻ cho tủ đồ của bạn. Chất liệu đế: EVA với các rãnh chống trơn trượt. Mặt lót mềm mại mang đến cho người dùng trải nghiệm thoải mái. Kiểu dáng: trẻ trung năng động, dễ dàng phối hợp cùng nhiều set đồ khác nhau.','Giày Thể Thao Nam DSM074500','https://res.cloudinary.com/dmvncmrci/image/upload/v1702838312/Product/giay-the-thao-nam-biti-s-dsm074500den-den-jlkbn-color-den_4af343e192e3417cb45712239ef1d179_gw6f6s.webp',8,'2023-12-05 02:01:58.807000','2023-12-05 02:01:58.807000',_binary '',0,11,'358000'),(43,'Chất liệu quai: chất liệu vải thấm hút tốt được gia công tỉ mỉ sẽ là sự lựa chọn mới mẻ cho tủ đồ của bạn. Chất liệu đế: EVA với các rãnh chống trơn trượt. Mặt lót mềm mại mang đến cho người dùng trải nghiệm thoải mái. Kiểu dáng: trẻ trung năng động, dễ dàng phối hợp cùng nhiều set đồ khác nhau.','Giày Thể Thao Nam BSM000900','https://res.cloudinary.com/dmvncmrci/image/upload/v1702838832/Product/bsm000900trg__2__e3dba88e5f0b457a882cc24e40a1519c_ehi60v.webp',8,'2023-12-18 01:45:59.095000','2023-12-18 01:45:59.095000',_binary '',0,0,'751000'),(44,'Chất liệu quai: chất liệu vải thấm hút tốt được gia công tỉ mỉ sẽ là sự lựa chọn mới mẻ cho tủ đồ của bạn. Chất liệu đế: EVA với các rãnh chống trơn trượt. Mặt lót mềm mại mang đến cho người dùng trải nghiệm thoải mái. Kiểu dáng: trẻ trung năng động, dễ dàng phối hợp cùng nhiều set đồ khác nhau.','Giày Thể Thao Nam BSM001100','https://res.cloudinary.com/dmvncmrci/image/upload/v1702839165/Product/bsm001100trg1_90d6e94ea64f474b98106c38b41b34e2_jvhxcq.webp',8,'2023-12-18 01:53:02.212000','2023-12-18 01:53:02.212000',_binary '',0,0,'751000'),(45,'Chất liệu quai: chất liệu vải thấm hút tốt được gia công tỉ mỉ sẽ là sự lựa chọn mới mẻ cho tủ đồ của bạn. Chất liệu đế: EVA với các rãnh chống trơn trượt. Mặt lót mềm mại mang đến cho người dùng trải nghiệm thoải mái. Kiểu dáng: trẻ trung năng động, dễ dàng phối hợp cùng nhiều set đồ khác nhau.','Giày Thể Thao Nam Running DSMH10000','https://res.cloudinary.com/dmvncmrci/image/upload/v1702839473/Product/hay-bo-nam-biti-s-hunter-running-gray-dsmh10000xam-xam-k8iou-color-xam_c0300a46d8944863b7b99f6702abb6b1_dvaaov.webp',8,'2023-12-18 02:01:09.457000','2023-12-18 02:01:09.457000',_binary '',0,0,'981000'),(46,'Chất liệu quai: chất liệu vải thấm hút tốt được gia công tỉ mỉ sẽ là sự lựa chọn mới mẻ cho tủ đồ của bạn. Chất liệu đế: EVA với các rãnh chống trơn trượt. Mặt lót mềm mại mang đến cho người dùng trải nghiệm thoải mái. Kiểu dáng: trẻ trung năng động, dễ dàng phối hợp cùng nhiều set đồ khác nhau.','Giày Thể Thao - Chạy Bộ Nam Running HSM003800','https://res.cloudinary.com/dmvncmrci/image/upload/v1702839868/Product/hsm003800xmn__2__11e9544578a64e158a475d22a8a67da5_njgqwe.webp',8,'2023-12-18 02:04:05.530000','2023-12-18 02:04:05.530000',_binary '',0,0,'981000'),(47,'Chất liệu quai: chất liệu vải thấm hút tốt được gia công tỉ mỉ sẽ là sự lựa chọn mới mẻ cho tủ đồ của bạn. Chất liệu đế: EVA với các rãnh chống trơn trượt. Mặt lót mềm mại mang đến cho người dùng trải nghiệm thoải mái. Kiểu dáng: trẻ trung năng động, dễ dàng phối hợp cùng nhiều set đồ khác nhau.','Giày Thể Thao - Chạy Bộ Nam Running Tiger DSMH08300','https://res.cloudinary.com/dmvncmrci/image/upload/v1702840058/Product/h08300cam__3__579488198a6047798bfa78fbf1d08d1f_oraqpl.webp',8,'2023-12-18 02:09:19.024000','2023-12-18 02:09:19.024000',_binary '',0,0,'981000'),(48,'Chất liệu quai: chất liệu vải thấm hút tốt được gia công tỉ mỉ sẽ là sự lựa chọn mới mẻ cho tủ đồ của bạn. Chất liệu đế: EVA với các rãnh chống trơn trượt. Mặt lót mềm mại mang đến cho người dùng trải nghiệm thoải mái. Kiểu dáng: trẻ trung năng động, dễ dàng phối hợp cùng nhiều set đồ khác nhau.','Giày Thể Thao - Đá Bóng Nam Football HSM003600','https://res.cloudinary.com/dmvncmrci/image/upload/v1702840296/Product/hsm003600cam__2__ebba4c44b4b64642ae2694d0de986b86_zvem2c.webp',8,'2023-12-18 02:57:01.816000','2023-12-18 02:57:01.816000',_binary '',0,0,'686000'),(49,'Chất liệu quai: chất liệu vải thấm hút tốt được gia công tỉ mỉ sẽ là sự lựa chọn mới mẻ cho tủ đồ của bạn. Chất liệu đế: EVA với các rãnh chống trơn trượt. Mặt lót mềm mại mang đến cho người dùng trải nghiệm thoải mái. Kiểu dáng: trẻ trung năng động, dễ dàng phối hợp cùng nhiều set đồ khác nhau.','Giày Thể Thao - Bóng Đá Nam Football Futsal DSMH11100','https://res.cloudinary.com/dmvncmrci/image/upload/v1702843226/Product/giay-bong-da-nam-hunter-football-futsal-dsmh11100doo-do-3rd0k-color-do_58fe3ad6faf34ecb9a4ce7df26c59b07_btoleq.webp',8,'2023-12-18 03:04:47.863000','2023-12-18 03:04:47.863000',_binary '',0,0,'765000'),(50,'Chất liệu quai: chất liệu vải thấm hút tốt được gia công tỉ mỉ sẽ là sự lựa chọn mới mẻ cho tủ đồ của bạn. Chất liệu đế: EVA với các rãnh chống trơn trượt. Mặt lót mềm mại mang đến cho người dùng trải nghiệm thoải mái. Kiểu dáng: trẻ trung năng động, dễ dàng phối hợp cùng nhiều set đồ khác nhau.','Giày Thể Thao - Bóng Đá Nam Football Gen 2K21 Futsal DSMH07300','https://res.cloudinary.com/dmvncmrci/image/upload/v1702843672/Product/ootball-gen-2k21-futsal-dsmh07300xmn-xanh-mi-no-8ib2g-color-xanh-mi-no_207537184ae746338937a4bd5ddc7b89_zbudgq.webp',8,'2023-12-18 03:09:10.751000','2023-12-18 03:09:10.751000',_binary '',0,0,'755000'),(51,'Chất liệu quai: chất liệu vải thấm hút tốt được gia công tỉ mỉ sẽ là sự lựa chọn mới mẻ cho tủ đồ của bạn. Chất liệu đế: EVA với các rãnh chống trơn trượt. Mặt lót mềm mại mang đến cho người dùng trải nghiệm thoải mái. Kiểu dáng: trẻ trung năng động, dễ dàng phối hợp cùng nhiều set đồ khác nhau.','Giày Thể Thao - Bóng Đá Nam Football Futsal DSMH09100','https://res.cloudinary.com/dmvncmrci/image/upload/v1702843865/Product/-da-nam-biti-s-hunter-football-futsal-dsmh09100den-den-lziec-color-den_b2475aedadb74755b583d7ffa1dcf8ad_jese5t.webp',8,'2023-12-18 03:12:48.242000','2023-12-18 03:12:48.242000',_binary '',0,0,'755000'),(52,'Chất liệu quai: chất liệu vải thấm hút tốt được gia công tỉ mỉ sẽ là sự lựa chọn mới mẻ cho tủ đồ của bạn. Chất liệu đế: EVA với các rãnh chống trơn trượt. Mặt lót mềm mại mang đến cho người dùng trải nghiệm thoải mái. Kiểu dáng: trẻ trung năng động, dễ dàng phối hợp cùng nhiều set đồ khác nhau.','Giày Thể Thao - Bóng Đá Nam Football DSMH03801','https://res.cloudinary.com/dmvncmrci/image/upload/v1702844070/Product/ay-bong-da-nam-biti-s-hunter-football-dsmh03801cam-cam-utwz6-color-cam_75520e4eebbe49948272efdd910ad298_erc5vy.webp',8,'2023-12-18 03:16:21.653000','2023-12-18 03:16:21.653000',_binary '',0,0,'716000'),(53,'Chất liệu quai: chất liệu vải thấm hút tốt được gia công tỉ mỉ sẽ là sự lựa chọn mới mẻ cho tủ đồ của bạn. Chất liệu đế: EVA với các rãnh chống trơn trượt. Mặt lót mềm mại mang đến cho người dùng trải nghiệm thoải mái. Kiểu dáng: trẻ trung năng động, dễ dàng phối hợp cùng nhiều set đồ khác nhau.','Giày Thể Thao - Bóng Đá Nam Football DSMH09600','https://res.cloudinary.com/dmvncmrci/image/upload/v1702844324/Product/ay-bong-da-nam-biti-s-hunter-football-dsmh09600cam-cam-8sb58-color-cam_2276ea9bb15c43129a198cbfa46a6901_retwy3.webp',8,'2023-12-18 03:20:20.926000','2023-12-18 03:20:20.926000',_binary '',0,0,'716000'),(54,'Chất liệu quai: chất liệu vải thấm hút tốt được gia công tỉ mỉ sẽ là sự lựa chọn mới mẻ cho tủ đồ của bạn. Chất liệu đế: EVA với các rãnh chống trơn trượt. Mặt lót mềm mại mang đến cho người dùng trải nghiệm thoải mái. Kiểu dáng: trẻ trung năng động, dễ dàng phối hợp cùng nhiều set đồ khác nhau.','Giày Thể Thao Nam STREET FESTIVE: FERIA COLLECTION HSM004700','https://res.cloudinary.com/dmvncmrci/image/upload/v1702844963/Product/hsm004700nau1_7895b4a780aa46d8a417f329bae3a8e2_pdm7ae.webp',8,'2023-12-18 03:32:27.084000','2023-12-18 03:32:27.084000',_binary '',0,0,'731000'),(55,'Chất liệu quai: chất liệu vải thấm hút tốt được gia công tỉ mỉ sẽ là sự lựa chọn mới mẻ cho tủ đồ của bạn. Chất liệu đế: EVA với các rãnh chống trơn trượt. Mặt lót mềm mại mang đến cho người dùng trải nghiệm thoải mái. Kiểu dáng: trẻ trung năng động, dễ dàng phối hợp cùng nhiều set đồ khác nhau.','Giày Thể Thao Nam CORE FESTIVE: DUSK COLLECTION HSM005400','https://res.cloudinary.com/dmvncmrci/image/upload/v1702845276/Product/hsm005400cam1_16acaa1c175842b79d6a789c42467b38_avihg0.webp',8,'2023-12-18 03:36:34.868000','2023-12-18 03:36:34.868000',_binary '',0,0,'731000'),(56,'Chất liệu quai: chất liệu vải thấm hút tốt được gia công tỉ mỉ sẽ là sự lựa chọn mới mẻ cho tủ đồ của bạn. Chất liệu đế: EVA với các rãnh chống trơn trượt. Mặt lót mềm mại mang đến cho người dùng trải nghiệm thoải mái. Kiểu dáng: trẻ trung năng động, dễ dàng phối hợp cùng nhiều set đồ khác nhau.','Giày Thể Thao Nam FESTIVE: GUARDIAN COLLECTION HSM004400','https://res.cloudinary.com/dmvncmrci/image/upload/v1702846492/Product/hsm004400xnh1_a976df833b54489894a3506e48cb854b_st2nfa.webp',8,'2023-12-18 03:57:11.814000','2023-12-18 03:57:11.814000',_binary '',0,0,'981000'),(57,'Chất liệu quai: chất liệu vải thấm hút tốt được gia công tỉ mỉ sẽ là sự lựa chọn mới mẻ cho tủ đồ của bạn. Chất liệu đế: EVA với các rãnh chống trơn trượt. Mặt lót mềm mại mang đến cho người dùng trải nghiệm thoải mái. Kiểu dáng: trẻ trung năng động, dễ dàng phối hợp cùng nhiều set đồ khác nhau.','Giày Thể Thao Nam Liteflex 2.0 - Midnight 2K23 HSM004401','https://res.cloudinary.com/dmvncmrci/image/upload/v1702846783/Product/hsm004401den4_b18ce8e563fa4e0cb21f0f8b2e236916_qr50az.webp',8,'2023-12-18 03:59:33.045000','2023-12-18 03:59:33.045000',_binary '',0,0,'981000'),(58,'Chất liệu quai: chất liệu vải thấm hút tốt được gia công tỉ mỉ sẽ là sự lựa chọn mới mẻ cho tủ đồ của bạn. Chất liệu đế: EVA với các rãnh chống trơn trượt. Mặt lót mềm mại mang đến cho người dùng trải nghiệm thoải mái. Kiểu dáng: trẻ trung năng động, dễ dàng phối hợp cùng nhiều set đồ khác nhau.','Giày Thể Thao Nam Hunter Street - Midnight 2K23 HSM004701','https://res.cloudinary.com/dmvncmrci/image/upload/v1702846866/Product/hsm004701den4_f3b6007d2d084310a28ee87fb2cd1eb7_pm4ttx.webp',8,'2023-12-18 04:01:23.931000','2023-12-18 04:01:23.931000',_binary '',0,0,'981000'),(59,'Chất liệu quai: chất liệu vải thấm hút tốt được gia công tỉ mỉ sẽ là sự lựa chọn mới mẻ cho tủ đồ của bạn. Chất liệu đế: EVA với các rãnh chống trơn trượt. Mặt lót mềm mại mang đến cho người dùng trải nghiệm thoải mái. Kiểu dáng: trẻ trung năng động, dễ dàng phối hợp cùng nhiều set đồ khác nhau.','Giày Thể Thao Nam Dune - Midnight 2K23 HSM004200','https://res.cloudinary.com/dmvncmrci/image/upload/v1702846941/Product/hsm004200den2_9d67330813664ff88c2483b559f9f759_bynenw.webp',8,'2023-12-18 04:02:41.297000','2023-12-18 04:02:41.297000',_binary '',0,0,'1256000'),(60,'Chất liệu quai: chất liệu vải thấm hút tốt được gia công tỉ mỉ sẽ là sự lựa chọn mới mẻ cho tủ đồ của bạn. Chất liệu đế: EVA với các rãnh chống trơn trượt. Mặt lót mềm mại mang đến cho người dùng trải nghiệm thoải mái. Kiểu dáng: trẻ trung năng động, dễ dàng phối hợp cùng nhiều set đồ khác nhau.','Giày Thể Thao Nam HSM003100','https://res.cloudinary.com/dmvncmrci/image/upload/v1702847113/Product/hsm003100kem__2__21277445091e44e2908bc220ea3f5590_dfjckr.webp',8,'2023-12-18 04:06:13.588000','2023-12-18 04:06:13.588000',_binary '',0,0,'981000'),(61,'Chất liệu quai: chất liệu vải thấm hút tốt được gia công tỉ mỉ sẽ là sự lựa chọn mới mẻ cho tủ đồ của bạn. Chất liệu đế: EVA với các rãnh chống trơn trượt. Mặt lót mềm mại mang đến cho người dùng trải nghiệm thoải mái. Kiểu dáng: trẻ trung năng động, dễ dàng phối hợp cùng nhiều set đồ khác nhau.','Giày Thể Thao Nam Core HSM002400','https://res.cloudinary.com/dmvncmrci/image/upload/v1702847286/Product/hsm002400xam__2__d383cc72e2024eca9110c701ee03133d_vu6crc.webp',8,'2023-12-18 04:09:42.997000','2023-12-18 04:09:42.997000',_binary '',0,0,'981000'),(62,'Chất liệu quai: chất liệu vải thấm hút tốt được gia công tỉ mỉ sẽ là sự lựa chọn mới mẻ cho tủ đồ của bạn. Chất liệu đế: EVA với các rãnh chống trơn trượt. Mặt lót mềm mại mang đến cho người dùng trải nghiệm thoải mái. Kiểu dáng: trẻ trung năng động, dễ dàng phối hợp cùng nhiều set đồ khác nhau.','Giày Thể Thao Nam Street HSM003900','https://res.cloudinary.com/dmvncmrci/image/upload/v1702848278/Product/hsm003900cam__2__39859caf0fc04712b137e47f7132a4e9_i1ipqp.webp',8,'2023-12-18 04:24:01.920000','2023-12-18 04:24:01.920000',_binary '',0,0,'741000');
/*!40000 ALTER TABLE `product` ENABLE KEYS */;
UNLOCK TABLES;

--
-- Table structure for table `product_configuration`
--

DROP TABLE IF EXISTS `product_configuration`;
/*!40101 SET @saved_cs_client     = @@character_set_client */;
/*!50503 SET character_set_client = utf8mb4 */;
CREATE TABLE `product_configuration` (
  `product_configuration_id` bigint NOT NULL AUTO_INCREMENT,
  `product_item_id` bigint DEFAULT NULL,
  `variation_option_id` bigint DEFAULT NULL,
  PRIMARY KEY (`product_configuration_id`),
  KEY `FKd9wo8k6srbadxvi3l87wfqnfx` (`product_item_id`),
  KEY `FKm5sgep9e3ot2covfpw9l3ml7s` (`variation_option_id`),
  CONSTRAINT `FKd9wo8k6srbadxvi3l87wfqnfx` FOREIGN KEY (`product_item_id`) REFERENCES `product_item` (`product_item_id`),
  CONSTRAINT `FKm5sgep9e3ot2covfpw9l3ml7s` FOREIGN KEY (`variation_option_id`) REFERENCES `variation_option` (`variation_option_id`)
) ENGINE=InnoDB AUTO_INCREMENT=1716 DEFAULT CHARSET=utf8mb4 COLLATE=utf8mb4_0900_ai_ci;
/*!40101 SET character_set_client = @saved_cs_client */;

--
-- Dumping data for table `product_configuration`
--

LOCK TABLES `product_configuration` WRITE;
/*!40000 ALTER TABLE `product_configuration` DISABLE KEYS */;
INSERT INTO `product_configuration` VALUES (734,208,425),(735,208,426),(736,209,427),(737,209,426),(738,210,428),(739,210,426),(740,211,429),(741,211,426),(742,212,430),(743,212,426),(744,213,431),(745,213,426),(746,214,432),(747,214,426),(748,215,425),(749,215,433),(750,216,427),(751,216,433),(752,217,428),(753,217,433),(754,218,429),(755,218,433),(756,219,430),(757,219,433),(758,220,431),(759,220,433),(760,221,432),(761,221,433),(762,222,425),(763,222,426),(764,223,427),(765,223,426),(766,224,428),(767,224,426),(768,225,429),(769,225,426),(770,226,430),(771,226,426),(772,227,431),(773,227,426),(774,228,432),(775,228,426),(776,229,425),(777,229,433),(778,230,427),(779,230,433),(780,231,428),(781,231,433),(782,232,429),(783,232,433),(784,233,430),(785,233,433),(786,234,431),(787,234,433),(788,235,432),(789,235,433),(790,236,425),(791,236,434),(792,237,427),(793,237,434),(794,238,428),(795,238,434),(796,239,429),(797,239,434),(798,240,430),(799,240,434),(800,241,431),(801,241,434),(802,242,432),(803,242,434),(804,243,425),(805,243,435),(806,244,427),(807,244,435),(808,245,428),(809,245,435),(810,246,429),(811,246,435),(812,247,430),(813,247,435),(814,248,431),(815,248,435),(816,249,432),(817,249,435),(818,250,425),(819,250,436),(820,251,427),(821,251,436),(822,252,428),(823,252,436),(824,253,429),(825,253,436),(826,254,430),(827,254,436),(828,255,431),(829,255,436),(830,256,432),(831,256,436),(832,257,437),(833,257,438),(834,258,439),(835,258,438),(836,259,440),(837,259,438),(838,260,441),(839,260,438),(840,261,442),(841,261,438),(842,262,443),(843,262,438),(844,263,444),(845,263,438),(846,264,437),(847,264,445),(848,265,439),(849,265,445),(850,266,440),(851,266,445),(852,267,441),(853,267,445),(854,268,442),(855,268,445),(856,269,443),(857,269,445),(858,270,444),(859,270,445),(860,271,439),(861,271,438),(862,272,440),(863,272,438),(864,273,441),(865,273,438),(866,274,442),(867,274,438),(868,275,443),(869,275,438),(870,276,444),(871,276,438),(872,277,439),(873,277,445),(874,278,440),(875,278,445),(876,279,441),(877,279,445),(878,280,442),(879,280,445),(880,281,443),(881,281,445),(882,282,444),(883,282,445),(884,283,437),(885,283,438),(886,284,439),(887,284,438),(888,285,440),(889,285,438),(890,286,441),(891,286,438),(892,287,442),(893,287,438),(894,288,443),(895,288,438),(896,289,444),(897,289,438),(898,290,437),(899,290,446),(900,291,439),(901,291,446),(902,292,440),(903,292,446),(904,293,441),(905,293,446),(906,294,442),(907,294,446),(908,295,443),(909,295,446),(910,296,444),(911,296,446),(946,297,439),(947,297,445),(948,298,440),(949,298,445),(950,299,441),(951,299,445),(952,300,442),(953,300,445),(954,301,443),(955,301,445),(956,302,444),(957,302,445),(958,303,439),(959,303,438),(960,304,440),(961,304,438),(962,305,441),(963,305,438),(964,306,442),(965,306,438),(966,307,443),(967,307,438),(968,308,444),(969,308,438),(970,309,439),(971,309,446),(972,310,440),(973,310,446),(974,311,441),(975,311,446),(976,312,442),(977,312,446),(978,313,443),(979,313,446),(980,314,444),(981,314,446),(982,315,439),(983,315,445),(984,316,440),(985,316,445),(986,317,441),(987,317,445),(988,318,442),(989,318,445),(990,319,443),(991,319,445),(992,320,444),(993,320,445),(994,321,439),(995,321,438),(996,322,440),(997,322,438),(998,323,441),(999,323,438),(1000,324,442),(1001,324,438),(1002,325,443),(1003,325,438),(1004,326,444),(1005,326,438),(1006,327,439),(1007,327,446),(1008,328,440),(1009,328,446),(1010,329,441),(1011,329,446),(1012,330,442),(1013,330,446),(1014,331,443),(1015,331,446),(1016,332,444),(1017,332,446),(1018,333,439),(1019,333,446),(1020,334,440),(1021,334,446),(1022,335,441),(1023,335,446),(1024,336,442),(1025,336,446),(1026,337,443),(1027,337,446),(1028,338,444),(1029,338,446),(1030,339,460),(1031,339,446),(1032,340,439),(1033,340,461),(1034,341,440),(1035,341,461),(1036,342,441),(1037,342,461),(1038,343,442),(1039,343,461),(1040,344,443),(1041,344,461),(1042,345,444),(1043,345,461),(1044,346,460),(1045,346,461),(1046,347,439),(1047,347,462),(1048,348,440),(1049,348,462),(1050,349,441),(1051,349,462),(1052,350,442),(1053,350,462),(1054,351,443),(1055,351,462),(1056,352,444),(1057,352,462),(1058,353,460),(1059,353,462),(1060,354,439),(1061,354,463),(1062,355,440),(1063,355,463),(1064,356,441),(1065,356,463),(1066,357,442),(1067,357,463),(1068,358,443),(1069,358,463),(1070,359,444),(1071,359,463),(1072,360,460),(1073,360,463),(1074,361,439),(1075,361,461),(1076,362,440),(1077,362,461),(1078,363,441),(1079,363,461),(1080,364,442),(1081,364,461),(1082,365,443),(1083,365,461),(1084,366,444),(1085,366,461),(1086,367,460),(1087,367,461),(1088,368,439),(1089,368,464),(1090,369,440),(1091,369,464),(1092,370,441),(1093,370,464),(1094,371,442),(1095,371,464),(1096,372,443),(1097,372,464),(1098,373,444),(1099,373,464),(1100,374,460),(1101,374,464),(1102,375,439),(1103,375,461),(1104,376,440),(1105,376,461),(1106,377,441),(1107,377,461),(1108,378,442),(1109,378,461),(1110,379,443),(1111,379,461),(1112,380,444),(1113,380,461),(1114,381,460),(1115,381,461),(1116,382,439),(1117,382,445),(1118,383,440),(1119,383,445),(1120,384,441),(1121,384,445),(1122,385,442),(1123,385,445),(1124,386,443),(1125,386,445),(1126,387,444),(1127,387,445),(1128,388,460),(1129,388,445),(1130,389,439),(1131,389,438),(1132,390,440),(1133,390,438),(1134,391,441),(1135,391,438),(1136,392,442),(1137,392,438),(1138,393,443),(1139,393,438),(1140,394,444),(1141,394,438),(1142,395,460),(1143,395,438),(1144,396,465),(1145,396,461),(1146,397,466),(1147,397,461),(1148,398,467),(1149,398,461),(1150,399,437),(1151,399,461),(1152,400,439),(1153,400,461),(1154,401,440),(1155,401,461),(1156,402,441),(1157,402,461),(1158,403,442),(1159,403,461),(1160,404,443),(1161,404,461),(1162,405,444),(1163,405,461),(1164,406,465),(1165,406,447),(1166,407,466),(1167,407,447),(1168,408,467),(1169,408,447),(1170,409,437),(1171,409,447),(1172,410,439),(1173,410,447),(1174,411,440),(1175,411,447),(1176,412,441),(1177,412,447),(1178,413,442),(1179,413,447),(1180,414,443),(1181,414,447),(1182,415,444),(1183,415,447),(1184,416,465),(1185,416,463),(1186,417,466),(1187,417,463),(1188,418,467),(1189,418,463),(1190,419,437),(1191,419,463),(1192,420,439),(1193,420,463),(1194,421,440),(1195,421,463),(1196,422,441),(1197,422,463),(1198,423,442),(1199,423,463),(1200,424,443),(1201,424,463),(1202,425,444),(1203,425,463),(1204,426,465),(1205,426,447),(1206,427,466),(1207,427,447),(1208,428,467),(1209,428,447),(1210,429,437),(1211,429,447),(1212,430,439),(1213,430,447),(1214,431,440),(1215,431,447),(1216,432,441),(1217,432,447),(1218,433,442),(1219,433,447),(1220,434,443),(1221,434,447),(1222,435,444),(1223,435,447),(1224,436,465),(1225,436,463),(1226,437,466),(1227,437,463),(1228,438,467),(1229,438,463),(1230,439,437),(1231,439,463),(1232,440,439),(1233,440,463),(1234,441,440),(1235,441,463),(1236,442,441),(1237,442,463),(1238,443,442),(1239,443,463),(1240,444,443),(1241,444,463),(1242,445,444),(1243,445,463),(1244,446,465),(1245,446,464),(1246,447,466),(1247,447,464),(1248,448,467),(1249,448,464),(1250,449,437),(1251,449,464),(1252,450,439),(1253,450,464),(1254,451,440),(1255,451,464),(1256,452,441),(1257,452,464),(1258,453,442),(1259,453,464),(1260,454,443),(1261,454,464),(1262,455,444),(1263,455,464),(1264,456,465),(1265,456,468),(1266,457,466),(1267,457,468),(1268,458,467),(1269,458,468),(1270,459,437),(1271,459,468),(1272,460,439),(1273,460,468),(1274,461,440),(1275,461,468),(1276,462,441),(1277,462,468),(1278,463,442),(1279,463,468),(1280,464,443),(1281,464,468),(1282,465,444),(1283,465,468),(1284,466,465),(1285,466,463),(1286,467,466),(1287,467,463),(1288,468,467),(1289,468,463),(1290,469,437),(1291,469,463),(1292,470,439),(1293,470,463),(1294,471,440),(1295,471,463),(1296,472,441),(1297,472,463),(1298,473,442),(1299,473,463),(1300,474,443),(1301,474,463),(1302,475,444),(1303,475,463),(1304,476,465),(1305,476,461),(1306,477,466),(1307,477,461),(1308,478,467),(1309,478,461),(1310,479,437),(1311,479,461),(1312,480,439),(1313,480,461),(1314,481,440),(1315,481,461),(1316,482,441),(1317,482,461),(1318,483,442),(1319,483,461),(1320,484,443),(1321,484,461),(1322,485,444),(1323,485,461),(1324,486,439),(1325,486,438),(1326,487,440),(1327,487,438),(1328,488,441),(1329,488,438),(1330,489,442),(1331,489,438),(1332,490,443),(1333,490,438),(1334,491,444),(1335,491,438),(1336,492,439),(1337,492,464),(1338,493,440),(1339,493,464),(1340,494,441),(1341,494,464),(1342,495,442),(1343,495,464),(1344,496,443),(1345,496,464),(1346,497,444),(1347,497,464),(1348,498,465),(1349,498,461),(1350,499,466),(1351,499,461),(1352,500,467),(1353,500,461),(1354,501,437),(1355,501,461),(1356,502,439),(1357,502,461),(1358,503,440),(1359,503,461),(1360,504,441),(1361,504,461),(1362,505,442),(1363,505,461),(1364,506,443),(1365,506,461),(1366,507,444),(1367,507,461),(1368,508,465),(1369,508,463),(1370,509,466),(1371,509,463),(1372,510,467),(1373,510,463),(1374,511,437),(1375,511,463),(1376,512,439),(1377,512,463),(1378,513,440),(1379,513,463),(1380,514,441),(1381,514,463),(1382,515,442),(1383,515,463),(1384,516,443),(1385,516,463),(1386,517,444),(1387,517,463),(1388,518,465),(1389,518,461),(1390,519,466),(1391,519,461),(1392,520,467),(1393,520,461),(1394,521,437),(1395,521,461),(1396,522,439),(1397,522,461),(1398,523,440),(1399,523,461),(1400,524,441),(1401,524,461),(1402,525,442),(1403,525,461),(1404,526,443),(1405,526,461),(1406,527,444),(1407,527,461),(1408,528,465),(1409,528,447),(1410,529,466),(1411,529,447),(1412,530,467),(1413,530,447),(1414,531,437),(1415,531,447),(1416,532,439),(1417,532,447),(1418,533,440),(1419,533,447),(1420,534,441),(1421,534,447),(1422,535,442),(1423,535,447),(1424,536,443),(1425,536,447),(1426,537,444),(1427,537,447),(1428,538,465),(1429,538,464),(1430,539,466),(1431,539,464),(1432,540,467),(1433,540,464),(1434,541,437),(1435,541,464),(1436,542,439),(1437,542,464),(1438,543,440),(1439,543,464),(1440,544,441),(1441,544,464),(1442,545,442),(1443,545,464),(1444,546,443),(1445,546,464),(1446,547,444),(1447,547,464),(1448,548,439),(1449,548,469),(1450,549,440),(1451,549,469),(1452,550,441),(1453,550,469),(1454,551,442),(1455,551,469),(1456,552,443),(1457,552,469),(1458,553,444),(1459,553,469),(1460,554,460),(1461,554,469),(1462,555,439),(1463,555,468),(1464,556,440),(1465,556,468),(1466,557,441),(1467,557,468),(1468,558,442),(1469,558,468),(1470,559,443),(1471,559,468),(1472,560,444),(1473,560,468),(1474,561,460),(1475,561,468),(1476,562,439),(1477,562,461),(1478,563,440),(1479,563,461),(1480,564,441),(1481,564,461),(1482,565,442),(1483,565,461),(1484,566,443),(1485,566,461),(1486,567,444),(1487,567,461),(1488,568,460),(1489,568,461),(1490,569,439),(1491,569,438),(1492,570,440),(1493,570,438),(1494,571,441),(1495,571,438),(1496,572,442),(1497,572,438),(1498,573,443),(1499,573,438),(1500,574,444),(1501,574,438),(1502,575,460),(1503,575,438),(1504,576,439),(1505,576,446),(1506,577,440),(1507,577,446),(1508,578,441),(1509,578,446),(1510,579,442),(1511,579,446),(1512,580,443),(1513,580,446),(1514,581,444),(1515,581,446),(1516,582,460),(1517,582,446),(1518,583,439),(1519,583,468),(1520,584,440),(1521,584,468),(1522,585,441),(1523,585,468),(1524,586,442),(1525,586,468),(1526,587,443),(1527,587,468),(1528,588,444),(1529,588,468),(1530,589,460),(1531,589,468),(1532,590,439),(1533,590,446),(1534,591,440),(1535,591,446),(1536,592,441),(1537,592,446),(1538,593,442),(1539,593,446),(1540,594,443),(1541,594,446),(1542,595,444),(1543,595,446),(1544,596,460),(1545,596,446),(1546,597,439),(1547,597,446),(1548,598,440),(1549,598,470),(1550,599,441),(1551,599,470),(1552,600,442),(1553,600,470),(1554,601,443),(1555,601,470),(1556,602,444),(1557,602,470),(1558,603,460),(1559,603,470),(1560,604,439),(1561,604,438),(1562,605,440),(1563,605,438),(1564,606,441),(1565,606,438),(1566,607,442),(1567,607,438),(1568,608,443),(1569,608,438),(1570,609,444),(1571,609,438),(1572,610,460),(1573,610,438),(1574,611,439),(1575,611,438),(1576,612,440),(1577,612,438),(1578,613,441),(1579,613,438),(1580,614,442),(1581,614,438),(1582,615,443),(1583,615,438),(1584,616,444),(1585,616,438),(1586,617,460),(1587,617,438),(1588,618,439),(1589,618,438),(1590,619,440),(1591,619,438),(1592,620,441),(1593,620,438),(1594,621,442),(1595,621,438),(1596,622,443),(1597,622,438),(1598,623,444),(1599,623,438),(1600,624,460),(1601,624,438),(1602,625,439),(1603,625,470),(1604,626,440),(1605,626,470),(1606,627,441),(1607,627,470),(1608,628,442),(1609,628,470),(1610,629,443),(1611,629,470),(1612,630,444),(1613,630,470),(1614,631,460),(1615,631,470),(1616,632,439),(1617,632,446),(1618,633,440),(1619,633,446),(1620,634,441),(1621,634,446),(1622,635,442),(1623,635,446),(1624,636,443),(1625,636,446),(1626,637,444),(1627,637,446),(1628,638,460),(1629,638,446),(1630,639,439),(1631,639,446),(1632,640,440),(1633,640,438),(1634,641,441),(1635,641,438),(1636,642,442),(1637,642,438),(1638,643,443),(1639,643,438),(1640,644,444),(1641,644,438),(1642,645,460),(1643,645,438),(1644,646,439),(1645,646,446),(1646,647,440),(1647,647,446),(1648,648,441),(1649,648,446),(1650,649,442),(1651,649,446),(1652,650,443),(1653,650,446),(1654,651,444),(1655,651,446),(1656,652,460),(1657,652,446),(1658,653,439),(1659,653,438),(1660,654,440),(1661,654,438),(1662,655,441),(1663,655,438),(1664,656,442),(1665,656,438),(1666,657,443),(1667,657,438),(1668,658,444),(1669,658,438),(1670,659,460),(1671,659,438),(1674,661,439),(1675,661,461),(1676,662,440),(1677,662,461),(1678,663,441),(1679,663,461),(1680,664,442),(1681,664,461),(1682,665,443),(1683,665,461),(1684,666,444),(1685,666,461),(1686,667,460),(1687,667,461),(1688,668,439),(1689,668,438),(1690,669,440),(1691,669,438),(1692,670,441),(1693,670,438),(1694,671,442),(1695,671,438),(1696,672,443),(1697,672,438),(1698,673,444),(1699,673,438),(1700,674,460),(1701,674,438),(1702,675,439),(1703,675,471),(1704,676,440),(1705,676,471),(1706,677,441),(1707,677,471),(1708,678,442),(1709,678,471),(1710,679,443),(1711,679,471),(1712,680,444),(1713,680,471),(1714,681,460),(1715,681,471);
/*!40000 ALTER TABLE `product_configuration` ENABLE KEYS */;
UNLOCK TABLES;

--
-- Table structure for table `product_item`
--

DROP TABLE IF EXISTS `product_item`;
/*!40101 SET @saved_cs_client     = @@character_set_client */;
/*!50503 SET character_set_client = utf8mb4 */;
CREATE TABLE `product_item` (
  `product_item_id` bigint NOT NULL AUTO_INCREMENT,
  `price` int DEFAULT NULL,
  `product_image` mediumtext,
  `quantity_in_stock` int DEFAULT NULL,
  `product_id` bigint DEFAULT NULL,
  `is_active` bit(1) DEFAULT NULL,
  `created_date` datetime(6) DEFAULT NULL,
  `modified_date` datetime(6) DEFAULT NULL,
  `product_name` varchar(255) DEFAULT NULL,
  PRIMARY KEY (`product_item_id`),
  KEY `FKa9mjpi98ark8eovbtnnreygbb` (`product_id`),
  CONSTRAINT `FKa9mjpi98ark8eovbtnnreygbb` FOREIGN KEY (`product_id`) REFERENCES `product` (`product_id`)
) ENGINE=InnoDB AUTO_INCREMENT=682 DEFAULT CHARSET=utf8mb4 COLLATE=utf8mb4_0900_ai_ci;
/*!40101 SET character_set_client = @saved_cs_client */;

--
-- Dumping data for table `product_item`
--

LOCK TABLES `product_item` WRITE;
/*!40000 ALTER TABLE `product_item` DISABLE KEYS */;
INSERT INTO `product_item` VALUES (208,339000,'https://res.cloudinary.com/dmvncmrci/image/upload/v1701705239/Product/brm000900nau1_dd41574e889b43cea463bcd64231e905_1024x1024_cik2ss.webp',9,37,_binary '','2023-12-04 23:04:37.052000','2023-12-04 23:04:37.052000','Sandal Si Cao Su Nam BRM000900 '),(209,339000,'https://res.cloudinary.com/dmvncmrci/image/upload/v1701705239/Product/brm000900nau1_dd41574e889b43cea463bcd64231e905_1024x1024_cik2ss.webp',25,37,_binary '','2023-12-04 23:04:37.074000','2023-12-04 23:04:37.074000','Sandal Si Cao Su Nam BRM000900 '),(210,339000,'https://res.cloudinary.com/dmvncmrci/image/upload/v1701705239/Product/brm000900nau1_dd41574e889b43cea463bcd64231e905_1024x1024_cik2ss.webp',18,37,_binary '','2023-12-04 23:04:37.092000','2023-12-04 23:04:37.092000','Sandal Si Cao Su Nam BRM000900 '),(211,339000,'https://res.cloudinary.com/dmvncmrci/image/upload/v1701705239/Product/brm000900nau1_dd41574e889b43cea463bcd64231e905_1024x1024_cik2ss.webp',8,37,_binary '','2023-12-04 23:04:37.109000','2023-12-04 23:04:37.109000','Sandal Si Cao Su Nam BRM000900 '),(212,339000,'https://res.cloudinary.com/dmvncmrci/image/upload/v1701705239/Product/brm000900nau1_dd41574e889b43cea463bcd64231e905_1024x1024_cik2ss.webp',10,37,_binary '','2023-12-04 23:04:37.127000','2023-12-04 23:04:37.127000','Sandal Si Cao Su Nam BRM000900 '),(213,339000,'https://res.cloudinary.com/dmvncmrci/image/upload/v1701705239/Product/brm000900nau1_dd41574e889b43cea463bcd64231e905_1024x1024_cik2ss.webp',20,37,_binary '','2023-12-04 23:04:37.145000','2023-12-04 23:04:37.145000','Sandal Si Cao Su Nam BRM000900 '),(214,339000,'https://res.cloudinary.com/dmvncmrci/image/upload/v1701705239/Product/brm000900nau1_dd41574e889b43cea463bcd64231e905_1024x1024_cik2ss.webp',8,37,_binary '','2023-12-04 23:04:37.160000','2023-12-04 23:04:37.160000','Sandal Si Cao Su Nam BRM000900 '),(215,339000,'https://res.cloudinary.com/dmvncmrci/image/upload/v1701705255/Product/brm000900den1_e3c8a7b5cd884a39a6d185ae286dc2fb_1024x1024_ttrl23.webp',10,37,_binary '','2023-12-04 23:04:37.177000','2023-12-04 23:04:37.177000','Sandal Si Cao Su Nam BRM000900 '),(216,339000,'https://res.cloudinary.com/dmvncmrci/image/upload/v1701705255/Product/brm000900den1_e3c8a7b5cd884a39a6d185ae286dc2fb_1024x1024_ttrl23.webp',11,37,_binary '','2023-12-04 23:04:37.187000','2023-12-04 23:04:37.187000','Sandal Si Cao Su Nam BRM000900 '),(217,339000,'https://res.cloudinary.com/dmvncmrci/image/upload/v1701705255/Product/brm000900den1_e3c8a7b5cd884a39a6d185ae286dc2fb_1024x1024_ttrl23.webp',5,37,_binary '','2023-12-04 23:04:37.198000','2023-12-04 23:04:37.198000','Sandal Si Cao Su Nam BRM000900 '),(218,339000,'https://res.cloudinary.com/dmvncmrci/image/upload/v1701705255/Product/brm000900den1_e3c8a7b5cd884a39a6d185ae286dc2fb_1024x1024_ttrl23.webp',18,37,_binary '','2023-12-04 23:04:37.209000','2023-12-04 23:04:37.209000','Sandal Si Cao Su Nam BRM000900 '),(219,339000,'https://res.cloudinary.com/dmvncmrci/image/upload/v1701705255/Product/brm000900den1_e3c8a7b5cd884a39a6d185ae286dc2fb_1024x1024_ttrl23.webp',11,37,_binary '','2023-12-04 23:04:37.218000','2023-12-04 23:04:37.218000','Sandal Si Cao Su Nam BRM000900 '),(220,339000,'https://res.cloudinary.com/dmvncmrci/image/upload/v1701705255/Product/brm000900den1_e3c8a7b5cd884a39a6d185ae286dc2fb_1024x1024_ttrl23.webp',20,37,_binary '','2023-12-04 23:04:37.228000','2023-12-04 23:04:37.228000','Sandal Si Cao Su Nam BRM000900 '),(221,339000,'https://res.cloudinary.com/dmvncmrci/image/upload/v1701705255/Product/brm000900den1_e3c8a7b5cd884a39a6d185ae286dc2fb_1024x1024_ttrl23.webp',8,37,_binary '','2023-12-04 23:04:37.236000','2023-12-04 23:04:37.236000','Sandal Si Cao Su Nam BRM000900 '),(222,368000,'https://res.cloudinary.com/dmvncmrci/image/upload/v1701706210/Product/bem001500nau1_e4cff2cd67414911a9ecbd6b403c394e_1024x1024_gagcsj.jpg',9,38,_binary '','2023-12-04 23:09:28.844000','2023-12-04 23:09:28.844000','Sandal Eva Phun Nam BEM001500 '),(223,368000,'https://res.cloudinary.com/dmvncmrci/image/upload/v1701706210/Product/bem001500nau1_e4cff2cd67414911a9ecbd6b403c394e_1024x1024_gagcsj.jpg',25,38,_binary '','2023-12-04 23:09:28.854000','2023-12-04 23:09:28.854000','Sandal Eva Phun Nam BEM001500 '),(224,368000,'https://res.cloudinary.com/dmvncmrci/image/upload/v1701706210/Product/bem001500nau1_e4cff2cd67414911a9ecbd6b403c394e_1024x1024_gagcsj.jpg',18,38,_binary '','2023-12-04 23:09:28.864000','2023-12-04 23:09:28.864000','Sandal Eva Phun Nam BEM001500 '),(225,368000,'https://res.cloudinary.com/dmvncmrci/image/upload/v1701706210/Product/bem001500nau1_e4cff2cd67414911a9ecbd6b403c394e_1024x1024_gagcsj.jpg',8,38,_binary '','2023-12-04 23:09:28.875000','2023-12-04 23:09:28.875000','Sandal Eva Phun Nam BEM001500 '),(226,368000,'https://res.cloudinary.com/dmvncmrci/image/upload/v1701706210/Product/bem001500nau1_e4cff2cd67414911a9ecbd6b403c394e_1024x1024_gagcsj.jpg',10,38,_binary '','2023-12-04 23:09:28.887000','2023-12-04 23:09:28.887000','Sandal Eva Phun Nam BEM001500 '),(227,368000,'https://res.cloudinary.com/dmvncmrci/image/upload/v1701706210/Product/bem001500nau1_e4cff2cd67414911a9ecbd6b403c394e_1024x1024_gagcsj.jpg',20,38,_binary '','2023-12-04 23:09:28.895000','2023-12-04 23:09:28.895000','Sandal Eva Phun Nam BEM001500 '),(228,368000,'https://res.cloudinary.com/dmvncmrci/image/upload/v1701706210/Product/bem001500nau1_e4cff2cd67414911a9ecbd6b403c394e_1024x1024_gagcsj.jpg',8,38,_binary '','2023-12-04 23:09:28.908000','2023-12-04 23:09:28.908000','Sandal Eva Phun Nam BEM001500 '),(229,368000,'https://res.cloudinary.com/dmvncmrci/image/upload/v1701706211/Product/bem001500den1_187bb7816a2446f4b64cb800bfe6ea5a_1024x1024_wqugkh.webp',10,38,_binary '','2023-12-04 23:09:28.919000','2023-12-04 23:09:28.920000','Sandal Eva Phun Nam BEM001500 '),(230,368000,'https://res.cloudinary.com/dmvncmrci/image/upload/v1701706211/Product/bem001500den1_187bb7816a2446f4b64cb800bfe6ea5a_1024x1024_wqugkh.webp',11,38,_binary '','2023-12-04 23:09:28.930000','2023-12-04 23:09:28.930000','Sandal Eva Phun Nam BEM001500 '),(231,368000,'https://res.cloudinary.com/dmvncmrci/image/upload/v1701706211/Product/bem001500den1_187bb7816a2446f4b64cb800bfe6ea5a_1024x1024_wqugkh.webp',5,38,_binary '','2023-12-04 23:09:28.941000','2023-12-04 23:09:28.941000','Sandal Eva Phun Nam BEM001500 '),(232,368000,'https://res.cloudinary.com/dmvncmrci/image/upload/v1701706211/Product/bem001500den1_187bb7816a2446f4b64cb800bfe6ea5a_1024x1024_wqugkh.webp',18,38,_binary '','2023-12-04 23:09:28.950000','2023-12-04 23:09:28.950000','Sandal Eva Phun Nam BEM001500 '),(233,368000,'https://res.cloudinary.com/dmvncmrci/image/upload/v1701706211/Product/bem001500den1_187bb7816a2446f4b64cb800bfe6ea5a_1024x1024_wqugkh.webp',11,38,_binary '','2023-12-04 23:09:28.961000','2023-12-04 23:09:28.961000','Sandal Eva Phun Nam BEM001500 '),(234,368000,'https://res.cloudinary.com/dmvncmrci/image/upload/v1701706211/Product/bem001500den1_187bb7816a2446f4b64cb800bfe6ea5a_1024x1024_wqugkh.webp',20,38,_binary '','2023-12-04 23:09:28.971000','2023-12-04 23:09:28.971000','Sandal Eva Phun Nam BEM001500 '),(235,368000,'https://res.cloudinary.com/dmvncmrci/image/upload/v1701706211/Product/bem001500den1_187bb7816a2446f4b64cb800bfe6ea5a_1024x1024_wqugkh.webp',8,38,_binary '','2023-12-04 23:09:28.981000','2023-12-04 23:09:28.981000','Sandal Eva Phun Nam BEM001500 '),(236,460000,'https://res.cloudinary.com/dmvncmrci/image/upload/v1701706548/Product/hem000700kem1_2e0a521c4112491ea8a254c8fc622c1d_1024x1024_l6rij2.webp',9,39,_binary '','2023-12-04 23:18:24.699000','2023-12-04 23:18:24.699000','Sandal Eva Phun Nam HEM000700 '),(237,460000,'https://res.cloudinary.com/dmvncmrci/image/upload/v1701706548/Product/hem000700kem1_2e0a521c4112491ea8a254c8fc622c1d_1024x1024_l6rij2.webp',25,39,_binary '','2023-12-04 23:18:24.710000','2023-12-04 23:18:24.710000','Sandal Eva Phun Nam HEM000700 '),(238,460000,'https://res.cloudinary.com/dmvncmrci/image/upload/v1701706548/Product/hem000700kem1_2e0a521c4112491ea8a254c8fc622c1d_1024x1024_l6rij2.webp',18,39,_binary '','2023-12-04 23:18:24.722000','2023-12-04 23:18:24.722000','Sandal Eva Phun Nam HEM000700 '),(239,460000,'https://res.cloudinary.com/dmvncmrci/image/upload/v1701706548/Product/hem000700kem1_2e0a521c4112491ea8a254c8fc622c1d_1024x1024_l6rij2.webp',8,39,_binary '','2023-12-04 23:18:24.731000','2023-12-04 23:18:24.731000','Sandal Eva Phun Nam HEM000700 '),(240,460000,'https://res.cloudinary.com/dmvncmrci/image/upload/v1701706548/Product/hem000700kem1_2e0a521c4112491ea8a254c8fc622c1d_1024x1024_l6rij2.webp',10,39,_binary '','2023-12-04 23:18:24.741000','2023-12-04 23:18:24.741000','Sandal Eva Phun Nam HEM000700 '),(241,460000,'https://res.cloudinary.com/dmvncmrci/image/upload/v1701706548/Product/hem000700kem1_2e0a521c4112491ea8a254c8fc622c1d_1024x1024_l6rij2.webp',20,39,_binary '','2023-12-04 23:18:24.751000','2023-12-04 23:18:24.751000','Sandal Eva Phun Nam HEM000700 '),(242,460000,'https://res.cloudinary.com/dmvncmrci/image/upload/v1701706548/Product/hem000700kem1_2e0a521c4112491ea8a254c8fc622c1d_1024x1024_l6rij2.webp',8,39,_binary '','2023-12-04 23:18:24.758000','2023-12-04 23:18:24.758000','Sandal Eva Phun Nam HEM000700 '),(243,460000,'https://res.cloudinary.com/dmvncmrci/image/upload/v1701706554/Product/hem000700xam1_e419f4ef2e07499a85ae9254aa8ed750_1024x1024_rfibl3.jpg',10,39,_binary '','2023-12-04 23:18:24.783000','2023-12-04 23:18:24.783000','Sandal Eva Phun Nam HEM000700 '),(244,460000,'https://res.cloudinary.com/dmvncmrci/image/upload/v1701706554/Product/hem000700xam1_e419f4ef2e07499a85ae9254aa8ed750_1024x1024_rfibl3.jpg',11,39,_binary '','2023-12-04 23:18:24.791000','2023-12-04 23:18:24.791000','Sandal Eva Phun Nam HEM000700 '),(245,460000,'https://res.cloudinary.com/dmvncmrci/image/upload/v1701706554/Product/hem000700xam1_e419f4ef2e07499a85ae9254aa8ed750_1024x1024_rfibl3.jpg',5,39,_binary '','2023-12-04 23:18:24.801000','2023-12-04 23:18:24.801000','Sandal Eva Phun Nam HEM000700 '),(246,460000,'https://res.cloudinary.com/dmvncmrci/image/upload/v1701706554/Product/hem000700xam1_e419f4ef2e07499a85ae9254aa8ed750_1024x1024_rfibl3.jpg',18,39,_binary '','2023-12-04 23:18:24.809000','2023-12-04 23:18:24.809000','Sandal Eva Phun Nam HEM000700 '),(247,460000,'https://res.cloudinary.com/dmvncmrci/image/upload/v1701706554/Product/hem000700xam1_e419f4ef2e07499a85ae9254aa8ed750_1024x1024_rfibl3.jpg',11,39,_binary '','2023-12-04 23:18:24.819000','2023-12-04 23:18:24.819000','Sandal Eva Phun Nam HEM000700 '),(248,460000,'https://res.cloudinary.com/dmvncmrci/image/upload/v1701706554/Product/hem000700xam1_e419f4ef2e07499a85ae9254aa8ed750_1024x1024_rfibl3.jpg',20,39,_binary '','2023-12-04 23:18:24.827000','2023-12-04 23:18:24.827000','Sandal Eva Phun Nam HEM000700 '),(249,460000,'https://res.cloudinary.com/dmvncmrci/image/upload/v1701706554/Product/hem000700xam1_e419f4ef2e07499a85ae9254aa8ed750_1024x1024_rfibl3.jpg',8,39,_binary '','2023-12-04 23:18:24.837000','2023-12-04 23:18:24.837000','Sandal Eva Phun Nam HEM000700 '),(250,460000,'https://res.cloudinary.com/dmvncmrci/image/upload/v1701706557/Product/hem000700xnh1_a85409b972954c0b90f836ccda4fabb8_1024x1024_d31vk2.jpg',10,39,_binary '','2023-12-04 23:18:24.857000','2023-12-04 23:18:24.857000','Sandal Eva Phun Nam HEM000700 '),(251,460000,'https://res.cloudinary.com/dmvncmrci/image/upload/v1701706557/Product/hem000700xnh1_a85409b972954c0b90f836ccda4fabb8_1024x1024_d31vk2.jpg',11,39,_binary '','2023-12-04 23:18:24.866000','2023-12-04 23:18:24.866000','Sandal Eva Phun Nam HEM000700 '),(252,460000,'https://res.cloudinary.com/dmvncmrci/image/upload/v1701706557/Product/hem000700xnh1_a85409b972954c0b90f836ccda4fabb8_1024x1024_d31vk2.jpg',5,39,_binary '','2023-12-04 23:18:24.872000','2023-12-04 23:18:24.872000','Sandal Eva Phun Nam HEM000700 '),(253,460000,'https://res.cloudinary.com/dmvncmrci/image/upload/v1701706557/Product/hem000700xnh1_a85409b972954c0b90f836ccda4fabb8_1024x1024_d31vk2.jpg',18,39,_binary '','2023-12-04 23:18:24.881000','2023-12-04 23:18:24.881000','Sandal Eva Phun Nam HEM000700 '),(254,460000,'https://res.cloudinary.com/dmvncmrci/image/upload/v1701706557/Product/hem000700xnh1_a85409b972954c0b90f836ccda4fabb8_1024x1024_d31vk2.jpg',11,39,_binary '','2023-12-04 23:18:24.888000','2023-12-04 23:18:24.888000','Sandal Eva Phun Nam HEM000700 '),(255,460000,'https://res.cloudinary.com/dmvncmrci/image/upload/v1701706557/Product/hem000700xnh1_a85409b972954c0b90f836ccda4fabb8_1024x1024_d31vk2.jpg',20,39,_binary '','2023-12-04 23:18:24.896000','2023-12-04 23:18:24.896000','Sandal Eva Phun Nam HEM000700 '),(256,460000,'https://res.cloudinary.com/dmvncmrci/image/upload/v1701706557/Product/hem000700xnh1_a85409b972954c0b90f836ccda4fabb8_1024x1024_d31vk2.jpg',8,39,_binary '','2023-12-04 23:18:24.903000','2023-12-04 23:18:24.903000','Sandal Eva Phun Nam HEM000700 '),(257,368000,'https://res.cloudinary.com/dmvncmrci/image/upload/v1701704484/Product/bsm000600den__2__77fab7e22db04fdfac9bf6543e74612a_3f58b358b0a64aaaaaa20ddc8af0c849_1024x1024_arpchk.jpg',9,40,_binary '','2023-12-04 23:40:20.322000','2023-12-04 23:40:20.322000','Giày Thể Thao Thông Dụng Nam Basic BSM000600'),(258,368000,'https://res.cloudinary.com/dmvncmrci/image/upload/v1701704484/Product/bsm000600den__2__77fab7e22db04fdfac9bf6543e74612a_3f58b358b0a64aaaaaa20ddc8af0c849_1024x1024_arpchk.jpg',25,40,_binary '','2023-12-04 23:40:20.335000','2023-12-04 23:40:20.335000','Giày Thể Thao Thông Dụng Nam Basic BSM000600'),(259,368000,'https://res.cloudinary.com/dmvncmrci/image/upload/v1701704484/Product/bsm000600den__2__77fab7e22db04fdfac9bf6543e74612a_3f58b358b0a64aaaaaa20ddc8af0c849_1024x1024_arpchk.jpg',18,40,_binary '','2023-12-04 23:40:20.347000','2023-12-04 23:40:20.347000','Giày Thể Thao Thông Dụng Nam Basic BSM000600'),(260,368000,'https://res.cloudinary.com/dmvncmrci/image/upload/v1701704484/Product/bsm000600den__2__77fab7e22db04fdfac9bf6543e74612a_3f58b358b0a64aaaaaa20ddc8af0c849_1024x1024_arpchk.jpg',8,40,_binary '','2023-12-04 23:40:20.357000','2023-12-04 23:40:20.357000','Giày Thể Thao Thông Dụng Nam Basic BSM000600'),(261,368000,'https://res.cloudinary.com/dmvncmrci/image/upload/v1701704484/Product/bsm000600den__2__77fab7e22db04fdfac9bf6543e74612a_3f58b358b0a64aaaaaa20ddc8af0c849_1024x1024_arpchk.jpg',10,40,_binary '','2023-12-04 23:40:20.368000','2023-12-04 23:40:20.368000','Giày Thể Thao Thông Dụng Nam Basic BSM000600'),(262,368000,'https://res.cloudinary.com/dmvncmrci/image/upload/v1701704484/Product/bsm000600den__2__77fab7e22db04fdfac9bf6543e74612a_3f58b358b0a64aaaaaa20ddc8af0c849_1024x1024_arpchk.jpg',20,40,_binary '','2023-12-04 23:40:20.379000','2023-12-04 23:40:20.379000','Giày Thể Thao Thông Dụng Nam Basic BSM000600'),(263,368000,'https://res.cloudinary.com/dmvncmrci/image/upload/v1701704484/Product/bsm000600den__2__77fab7e22db04fdfac9bf6543e74612a_3f58b358b0a64aaaaaa20ddc8af0c849_1024x1024_arpchk.jpg',8,40,_binary '','2023-12-04 23:40:20.393000','2023-12-04 23:40:20.393000','Giày Thể Thao Thông Dụng Nam Basic BSM000600'),(264,368000,'https://res.cloudinary.com/dmvncmrci/image/upload/v1701704457/Product/bsm000600trg__2__dc7ce618c3f14f9283a11fbff9e3b56a_1024x1024_dwnp8b.webp',10,40,_binary '','2023-12-04 23:40:20.408000','2023-12-04 23:40:20.408000','Giày Thể Thao Thông Dụng Nam Basic BSM000600'),(265,368000,'https://res.cloudinary.com/dmvncmrci/image/upload/v1701704457/Product/bsm000600trg__2__dc7ce618c3f14f9283a11fbff9e3b56a_1024x1024_dwnp8b.webp',11,40,_binary '','2023-12-04 23:40:20.414000','2023-12-04 23:40:20.414000','Giày Thể Thao Thông Dụng Nam Basic BSM000600'),(266,368000,'https://res.cloudinary.com/dmvncmrci/image/upload/v1701704457/Product/bsm000600trg__2__dc7ce618c3f14f9283a11fbff9e3b56a_1024x1024_dwnp8b.webp',5,40,_binary '','2023-12-04 23:40:20.421000','2023-12-04 23:40:20.421000','Giày Thể Thao Thông Dụng Nam Basic BSM000600'),(267,368000,'https://res.cloudinary.com/dmvncmrci/image/upload/v1701704457/Product/bsm000600trg__2__dc7ce618c3f14f9283a11fbff9e3b56a_1024x1024_dwnp8b.webp',18,40,_binary '','2023-12-04 23:40:20.431000','2023-12-04 23:40:20.431000','Giày Thể Thao Thông Dụng Nam Basic BSM000600'),(268,368000,'https://res.cloudinary.com/dmvncmrci/image/upload/v1701704457/Product/bsm000600trg__2__dc7ce618c3f14f9283a11fbff9e3b56a_1024x1024_dwnp8b.webp',11,40,_binary '','2023-12-04 23:40:20.441000','2023-12-04 23:40:20.441000','Giày Thể Thao Thông Dụng Nam Basic BSM000600'),(269,368000,'https://res.cloudinary.com/dmvncmrci/image/upload/v1701704457/Product/bsm000600trg__2__dc7ce618c3f14f9283a11fbff9e3b56a_1024x1024_dwnp8b.webp',20,40,_binary '','2023-12-04 23:40:20.450000','2023-12-04 23:40:20.450000','Giày Thể Thao Thông Dụng Nam Basic BSM000600'),(270,368000,'https://res.cloudinary.com/dmvncmrci/image/upload/v1701704457/Product/bsm000600trg__2__dc7ce618c3f14f9283a11fbff9e3b56a_1024x1024_dwnp8b.webp',8,40,_binary '','2023-12-04 23:40:20.460000','2023-12-04 23:40:20.460000','Giày Thể Thao Thông Dụng Nam Basic BSM000600'),(271,427000,'https://res.cloudinary.com/dmvncmrci/image/upload/v1701708430/Product/bsm000700den__2__458e2c4ec9854a638958a2261c6d3571_1024x1024_vxyobu.webp',59,41,_binary '','2023-12-04 23:47:56.431000','2023-12-18 01:35:25.755000','Giày Thể Thao Thông Dụng Nam BSM000700'),(272,427000,'https://res.cloudinary.com/dmvncmrci/image/upload/v1701708430/Product/bsm000700den__2__458e2c4ec9854a638958a2261c6d3571_1024x1024_vxyobu.webp',42,41,_binary '','2023-12-04 23:47:56.439000','2023-12-18 01:35:25.766000','Giày Thể Thao Thông Dụng Nam BSM000700'),(273,427000,'https://res.cloudinary.com/dmvncmrci/image/upload/v1701708430/Product/bsm000700den__2__458e2c4ec9854a638958a2261c6d3571_1024x1024_vxyobu.webp',25,41,_binary '','2023-12-04 23:47:56.443000','2023-12-18 01:35:25.779000','Giày Thể Thao Thông Dụng Nam BSM000700'),(274,427000,'https://res.cloudinary.com/dmvncmrci/image/upload/v1701708430/Product/bsm000700den__2__458e2c4ec9854a638958a2261c6d3571_1024x1024_vxyobu.webp',25,41,_binary '','2023-12-04 23:47:56.451000','2023-12-18 01:35:25.791000','Giày Thể Thao Thông Dụng Nam BSM000700'),(275,427000,'https://res.cloudinary.com/dmvncmrci/image/upload/v1701708430/Product/bsm000700den__2__458e2c4ec9854a638958a2261c6d3571_1024x1024_vxyobu.webp',25,41,_binary '','2023-12-04 23:47:56.457000','2023-12-18 01:35:25.801000','Giày Thể Thao Thông Dụng Nam BSM000700'),(276,427000,'https://res.cloudinary.com/dmvncmrci/image/upload/v1701708430/Product/bsm000700den__2__458e2c4ec9854a638958a2261c6d3571_1024x1024_vxyobu.webp',25,41,_binary '','2023-12-04 23:47:56.463000','2023-12-18 01:35:25.814000','Giày Thể Thao Thông Dụng Nam BSM000700'),(277,427000,'https://res.cloudinary.com/dmvncmrci/image/upload/v1701708546/Product/bsm000700trg__2__58fd1971d56f4bd8851882b6e16cbdc3_1024x1024_y36okh.jpg',25,41,_binary '','2023-12-04 23:47:56.471000','2023-12-18 01:35:25.828000','Giày Thể Thao Thông Dụng Nam BSM000700'),(278,427000,'https://res.cloudinary.com/dmvncmrci/image/upload/v1701708546/Product/bsm000700trg__2__58fd1971d56f4bd8851882b6e16cbdc3_1024x1024_y36okh.jpg',25,41,_binary '','2023-12-04 23:47:56.478000','2023-12-18 01:35:25.840000','Giày Thể Thao Thông Dụng Nam BSM000700'),(279,427000,'https://res.cloudinary.com/dmvncmrci/image/upload/v1701708546/Product/bsm000700trg__2__58fd1971d56f4bd8851882b6e16cbdc3_1024x1024_y36okh.jpg',25,41,_binary '','2023-12-04 23:47:56.486000','2023-12-18 01:35:25.851000','Giày Thể Thao Thông Dụng Nam BSM000700'),(280,427000,'https://res.cloudinary.com/dmvncmrci/image/upload/v1701708546/Product/bsm000700trg__2__58fd1971d56f4bd8851882b6e16cbdc3_1024x1024_y36okh.jpg',25,41,_binary '','2023-12-04 23:47:56.495000','2023-12-18 01:35:25.865000','Giày Thể Thao Thông Dụng Nam BSM000700'),(281,427000,'https://res.cloudinary.com/dmvncmrci/image/upload/v1701708546/Product/bsm000700trg__2__58fd1971d56f4bd8851882b6e16cbdc3_1024x1024_y36okh.jpg',25,41,_binary '','2023-12-04 23:47:56.506000','2023-12-18 01:35:25.878000','Giày Thể Thao Thông Dụng Nam BSM000700'),(282,427000,'https://res.cloudinary.com/dmvncmrci/image/upload/v1701708546/Product/bsm000700trg__2__58fd1971d56f4bd8851882b6e16cbdc3_1024x1024_y36okh.jpg',25,41,_binary '','2023-12-04 23:47:56.516000','2023-12-18 01:35:25.888000','Giày Thể Thao Thông Dụng Nam BSM000700'),(283,358000,'https://res.cloudinary.com/dmvncmrci/image/upload/v1702838312/Product/giay-the-thao-nam-biti-s-dsm074500den-den-jlkbn-color-den_4af343e192e3417cb45712239ef1d179_gw6f6s.webp',25,42,_binary '','2023-12-05 02:01:58.658000','2023-12-05 02:01:58.658000','Giày Thể Thao Nam DSM074500 '),(284,358000,'https://res.cloudinary.com/dmvncmrci/image/upload/v1702838312/Product/giay-the-thao-nam-biti-s-dsm074500den-den-jlkbn-color-den_4af343e192e3417cb45712239ef1d179_gw6f6s.webp',25,42,_binary '','2023-12-05 02:01:58.668000','2023-12-05 02:01:58.668000','Giày Thể Thao Nam DSM074500 '),(285,358000,'https://res.cloudinary.com/dmvncmrci/image/upload/v1702838312/Product/giay-the-thao-nam-biti-s-dsm074500den-den-jlkbn-color-den_4af343e192e3417cb45712239ef1d179_gw6f6s.webp',18,42,_binary '','2023-12-05 02:01:58.677000','2023-12-05 02:01:58.677000','Giày Thể Thao Nam DSM074500 '),(286,358000,'https://res.cloudinary.com/dmvncmrci/image/upload/v1702838312/Product/giay-the-thao-nam-biti-s-dsm074500den-den-jlkbn-color-den_4af343e192e3417cb45712239ef1d179_gw6f6s.webp',8,42,_binary '','2023-12-05 02:01:58.686000','2023-12-05 02:01:58.686000','Giày Thể Thao Nam DSM074500 '),(287,358000,'https://res.cloudinary.com/dmvncmrci/image/upload/v1702838312/Product/giay-the-thao-nam-biti-s-dsm074500den-den-jlkbn-color-den_4af343e192e3417cb45712239ef1d179_gw6f6s.webp',10,42,_binary '','2023-12-05 02:01:58.692000','2023-12-05 02:01:58.692000','Giày Thể Thao Nam DSM074500 '),(288,358000,'https://res.cloudinary.com/dmvncmrci/image/upload/v1702838312/Product/giay-the-thao-nam-biti-s-dsm074500den-den-jlkbn-color-den_4af343e192e3417cb45712239ef1d179_gw6f6s.webp',20,42,_binary '','2023-12-05 02:01:58.701000','2023-12-05 02:01:58.701000','Giày Thể Thao Nam DSM074500 '),(289,358000,'https://res.cloudinary.com/dmvncmrci/image/upload/v1702838312/Product/giay-the-thao-nam-biti-s-dsm074500den-den-jlkbn-color-den_4af343e192e3417cb45712239ef1d179_gw6f6s.webp',8,42,_binary '','2023-12-05 02:01:58.708000','2023-12-05 02:01:58.708000','Giày Thể Thao Nam DSM074500 '),(290,358000,'https://res.cloudinary.com/dmvncmrci/image/upload/v1702838309/Product/giay-the-thao-nam-biti-s-dsm074500xam-xam-uzu9h-color-xam_374c1fb59eea45d59c4e2cb9fb1ae48a_ov1xve.webp',11,42,_binary '','2023-12-05 02:01:58.755000','2023-12-05 02:01:58.755000','Giày Thể Thao Nam DSM074500 '),(291,358000,'https://res.cloudinary.com/dmvncmrci/image/upload/v1702838309/Product/giay-the-thao-nam-biti-s-dsm074500xam-xam-uzu9h-color-xam_374c1fb59eea45d59c4e2cb9fb1ae48a_ov1xve.webp',11,42,_binary '','2023-12-05 02:01:58.765000','2023-12-05 02:01:58.765000','Giày Thể Thao Nam DSM074500 '),(292,358000,'https://res.cloudinary.com/dmvncmrci/image/upload/v1702838309/Product/giay-the-thao-nam-biti-s-dsm074500xam-xam-uzu9h-color-xam_374c1fb59eea45d59c4e2cb9fb1ae48a_ov1xve.webp',5,42,_binary '','2023-12-05 02:01:58.772000','2023-12-05 02:01:58.772000','Giày Thể Thao Nam DSM074500 '),(293,358000,'https://res.cloudinary.com/dmvncmrci/image/upload/v1702838309/Product/giay-the-thao-nam-biti-s-dsm074500xam-xam-uzu9h-color-xam_374c1fb59eea45d59c4e2cb9fb1ae48a_ov1xve.webp',18,42,_binary '','2023-12-05 02:01:58.780000','2023-12-05 02:01:58.780000','Giày Thể Thao Nam DSM074500 '),(294,358000,'https://res.cloudinary.com/dmvncmrci/image/upload/v1702838309/Product/giay-the-thao-nam-biti-s-dsm074500xam-xam-uzu9h-color-xam_374c1fb59eea45d59c4e2cb9fb1ae48a_ov1xve.webp',11,42,_binary '','2023-12-05 02:01:58.788000','2023-12-05 02:01:58.788000','Giày Thể Thao Nam DSM074500 '),(295,358000,'https://res.cloudinary.com/dmvncmrci/image/upload/v1702838309/Product/giay-the-thao-nam-biti-s-dsm074500xam-xam-uzu9h-color-xam_374c1fb59eea45d59c4e2cb9fb1ae48a_ov1xve.webp',20,42,_binary '','2023-12-05 02:01:58.796000','2023-12-05 02:01:58.796000','Giày Thể Thao Nam DSM074500 '),(296,358000,'https://res.cloudinary.com/dmvncmrci/image/upload/v1702838832/Product/bsm000900trg__2__e3dba88e5f0b457a882cc24e40a1519c_ehi60v.webp',8,42,_binary '','2023-12-05 02:01:58.807000','2023-12-05 02:01:58.807000','Giày Thể Thao Nam DSM074500 '),(297,751000,'https://res.cloudinary.com/dmvncmrci/image/upload/v1702838832/Product/bsm000900trg__2__e3dba88e5f0b457a882cc24e40a1519c_ehi60v.webp',25,43,_binary '','2023-12-18 01:45:58.935000','2023-12-18 01:45:58.935000','Giày Thể Thao Nam  BSM000900 '),(298,751000,'https://res.cloudinary.com/dmvncmrci/image/upload/v1702838832/Product/bsm000900trg__2__e3dba88e5f0b457a882cc24e40a1519c_ehi60v.webp',20,43,_binary '','2023-12-18 01:45:58.947000','2023-12-18 01:45:58.947000','Giày Thể Thao Nam  BSM000900 '),(299,751000,'https://res.cloudinary.com/dmvncmrci/image/upload/v1702838832/Product/bsm000900trg__2__e3dba88e5f0b457a882cc24e40a1519c_ehi60v.webp',15,43,_binary '','2023-12-18 01:45:58.956000','2023-12-18 01:45:58.956000','Giày Thể Thao Nam  BSM000900 '),(300,751000,'https://res.cloudinary.com/dmvncmrci/image/upload/v1702838832/Product/bsm000900trg__2__e3dba88e5f0b457a882cc24e40a1519c_ehi60v.webp',15,43,_binary '','2023-12-18 01:45:58.968000','2023-12-18 01:45:58.968000','Giày Thể Thao Nam  BSM000900 '),(301,751000,'https://res.cloudinary.com/dmvncmrci/image/upload/v1702838832/Product/bsm000900trg__2__e3dba88e5f0b457a882cc24e40a1519c_ehi60v.webp',20,43,_binary '','2023-12-18 01:45:58.981000','2023-12-18 01:45:58.981000','Giày Thể Thao Nam  BSM000900 '),(302,751000,'https://res.cloudinary.com/dmvncmrci/image/upload/v1702838832/Product/bsm000900trg__2__e3dba88e5f0b457a882cc24e40a1519c_ehi60v.webp',10,43,_binary '','2023-12-18 01:45:58.989000','2023-12-18 01:45:58.989000','Giày Thể Thao Nam  BSM000900 '),(303,751000,'https://res.cloudinary.com/dmvncmrci/image/upload/v1702838844/Product/bsm000900den__2__72dea16cc18242c8ac53a240c97e3d2b_bpltq4.webp',12,43,_binary '','2023-12-18 01:45:58.999000','2023-12-18 01:45:58.999000','Giày Thể Thao Nam  BSM000900 '),(304,751000,'https://res.cloudinary.com/dmvncmrci/image/upload/v1702838844/Product/bsm000900den__2__72dea16cc18242c8ac53a240c97e3d2b_bpltq4.webp',14,43,_binary '','2023-12-18 01:45:59.008000','2023-12-18 01:45:59.008000','Giày Thể Thao Nam  BSM000900 '),(305,751000,'https://res.cloudinary.com/dmvncmrci/image/upload/v1702838844/Product/bsm000900den__2__72dea16cc18242c8ac53a240c97e3d2b_bpltq4.webp',24,43,_binary '','2023-12-18 01:45:59.020000','2023-12-18 01:45:59.020000','Giày Thể Thao Nam  BSM000900 '),(306,751000,'https://res.cloudinary.com/dmvncmrci/image/upload/v1702838844/Product/bsm000900den__2__72dea16cc18242c8ac53a240c97e3d2b_bpltq4.webp',27,43,_binary '','2023-12-18 01:45:59.032000','2023-12-18 01:45:59.032000','Giày Thể Thao Nam  BSM000900 '),(307,751000,'https://res.cloudinary.com/dmvncmrci/image/upload/v1702838844/Product/bsm000900den__2__72dea16cc18242c8ac53a240c97e3d2b_bpltq4.webp',23,43,_binary '','2023-12-18 01:45:59.041000','2023-12-18 01:45:59.041000','Giày Thể Thao Nam  BSM000900 '),(308,751000,'https://res.cloudinary.com/dmvncmrci/image/upload/v1702838844/Product/bsm000900den__2__72dea16cc18242c8ac53a240c97e3d2b_bpltq4.webp',25,43,_binary '','2023-12-18 01:45:59.050000','2023-12-18 01:45:59.050000','Giày Thể Thao Nam  BSM000900 '),(309,751000,'https://res.cloudinary.com/dmvncmrci/image/upload/v1702838847/Product/bsm000900xam__2__cc43b270697f414a9ad704953e77a179_ixao6t.webp',25,43,_binary '','2023-12-18 01:45:59.056000','2023-12-18 01:45:59.056000','Giày Thể Thao Nam  BSM000900 '),(310,751000,'https://res.cloudinary.com/dmvncmrci/image/upload/v1702838847/Product/bsm000900xam__2__cc43b270697f414a9ad704953e77a179_ixao6t.webp',25,43,_binary '','2023-12-18 01:45:59.065000','2023-12-18 01:45:59.065000','Giày Thể Thao Nam  BSM000900 '),(311,751000,'https://res.cloudinary.com/dmvncmrci/image/upload/v1702838847/Product/bsm000900xam__2__cc43b270697f414a9ad704953e77a179_ixao6t.webp',27,43,_binary '','2023-12-18 01:45:59.072000','2023-12-18 01:45:59.072000','Giày Thể Thao Nam  BSM000900 '),(312,751000,'https://res.cloudinary.com/dmvncmrci/image/upload/v1702838847/Product/bsm000900xam__2__cc43b270697f414a9ad704953e77a179_ixao6t.webp',24,43,_binary '','2023-12-18 01:45:59.081000','2023-12-18 01:45:59.081000','Giày Thể Thao Nam  BSM000900 '),(313,751000,'https://res.cloudinary.com/dmvncmrci/image/upload/v1702838847/Product/bsm000900xam__2__cc43b270697f414a9ad704953e77a179_ixao6t.webp',8,43,_binary '','2023-12-18 01:45:59.086000','2023-12-18 01:45:59.086000','Giày Thể Thao Nam  BSM000900 '),(314,751000,'https://res.cloudinary.com/dmvncmrci/image/upload/v1702838847/Product/bsm000900xam__2__cc43b270697f414a9ad704953e77a179_ixao6t.webp',15,43,_binary '','2023-12-18 01:45:59.095000','2023-12-18 01:45:59.095000','Giày Thể Thao Nam  BSM000900 '),(315,751000,'https://res.cloudinary.com/dmvncmrci/image/upload/v1702839165/Product/bsm001100trg1_90d6e94ea64f474b98106c38b41b34e2_jvhxcq.webp',25,44,_binary '','2023-12-18 01:53:02.065000','2023-12-18 01:53:02.065000','Giày Thể Thao Nam BSM001100 '),(316,751000,'https://res.cloudinary.com/dmvncmrci/image/upload/v1702839165/Product/bsm001100trg1_90d6e94ea64f474b98106c38b41b34e2_jvhxcq.webp',20,44,_binary '','2023-12-18 01:53:02.077000','2023-12-18 01:53:02.077000','Giày Thể Thao Nam BSM001100 '),(317,751000,'https://res.cloudinary.com/dmvncmrci/image/upload/v1702839165/Product/bsm001100trg1_90d6e94ea64f474b98106c38b41b34e2_jvhxcq.webp',15,44,_binary '','2023-12-18 01:53:02.084000','2023-12-18 01:53:02.084000','Giày Thể Thao Nam BSM001100 '),(318,751000,'https://res.cloudinary.com/dmvncmrci/image/upload/v1702839165/Product/bsm001100trg1_90d6e94ea64f474b98106c38b41b34e2_jvhxcq.webp',15,44,_binary '','2023-12-18 01:53:02.093000','2023-12-18 01:53:02.093000','Giày Thể Thao Nam BSM001100 '),(319,751000,'https://res.cloudinary.com/dmvncmrci/image/upload/v1702839165/Product/bsm001100trg1_90d6e94ea64f474b98106c38b41b34e2_jvhxcq.webp',20,44,_binary '','2023-12-18 01:53:02.100000','2023-12-18 01:53:02.100000','Giày Thể Thao Nam BSM001100 '),(320,751000,'https://res.cloudinary.com/dmvncmrci/image/upload/v1702839165/Product/bsm001100trg1_90d6e94ea64f474b98106c38b41b34e2_jvhxcq.webp',10,44,_binary '','2023-12-18 01:53:02.110000','2023-12-18 01:53:02.110000','Giày Thể Thao Nam BSM001100 '),(321,751000,'https://res.cloudinary.com/dmvncmrci/image/upload/v1702839140/Product/bsm001100den1_01690cbb8f214c259165b1c34d7d9daf_o1aaeb.webp',12,44,_binary '','2023-12-18 01:53:02.118000','2023-12-18 01:53:02.118000','Giày Thể Thao Nam BSM001100 '),(322,751000,'https://res.cloudinary.com/dmvncmrci/image/upload/v1702839140/Product/bsm001100den1_01690cbb8f214c259165b1c34d7d9daf_o1aaeb.webp',14,44,_binary '','2023-12-18 01:53:02.126000','2023-12-18 01:53:02.126000','Giày Thể Thao Nam BSM001100 '),(323,751000,'https://res.cloudinary.com/dmvncmrci/image/upload/v1702839140/Product/bsm001100den1_01690cbb8f214c259165b1c34d7d9daf_o1aaeb.webp',24,44,_binary '','2023-12-18 01:53:02.137000','2023-12-18 01:53:02.137000','Giày Thể Thao Nam BSM001100 '),(324,751000,'https://res.cloudinary.com/dmvncmrci/image/upload/v1702839140/Product/bsm001100den1_01690cbb8f214c259165b1c34d7d9daf_o1aaeb.webp',27,44,_binary '','2023-12-18 01:53:02.146000','2023-12-18 01:53:02.146000','Giày Thể Thao Nam BSM001100 '),(325,751000,'https://res.cloudinary.com/dmvncmrci/image/upload/v1702839140/Product/bsm001100den1_01690cbb8f214c259165b1c34d7d9daf_o1aaeb.webp',23,44,_binary '','2023-12-18 01:53:02.155000','2023-12-18 01:53:02.155000','Giày Thể Thao Nam BSM001100 '),(326,751000,'https://res.cloudinary.com/dmvncmrci/image/upload/v1702839140/Product/bsm001100den1_01690cbb8f214c259165b1c34d7d9daf_o1aaeb.webp',25,44,_binary '','2023-12-18 01:53:02.165000','2023-12-18 01:53:02.165000','Giày Thể Thao Nam BSM001100 '),(327,751000,'https://res.cloudinary.com/dmvncmrci/image/upload/v1702839167/Product/bsm001100xam1_bc7239338beb486c909739d156bedebd_hu8vo2.webp',25,44,_binary '','2023-12-18 01:53:02.174000','2023-12-18 01:53:02.174000','Giày Thể Thao Nam BSM001100 '),(328,751000,'https://res.cloudinary.com/dmvncmrci/image/upload/v1702839167/Product/bsm001100xam1_bc7239338beb486c909739d156bedebd_hu8vo2.webp',25,44,_binary '','2023-12-18 01:53:02.181000','2023-12-18 01:53:02.181000','Giày Thể Thao Nam BSM001100 '),(329,751000,'https://res.cloudinary.com/dmvncmrci/image/upload/v1702839167/Product/bsm001100xam1_bc7239338beb486c909739d156bedebd_hu8vo2.webp',27,44,_binary '','2023-12-18 01:53:02.189000','2023-12-18 01:53:02.189000','Giày Thể Thao Nam BSM001100 '),(330,751000,'https://res.cloudinary.com/dmvncmrci/image/upload/v1702839167/Product/bsm001100xam1_bc7239338beb486c909739d156bedebd_hu8vo2.webp',24,44,_binary '','2023-12-18 01:53:02.197000','2023-12-18 01:53:02.197000','Giày Thể Thao Nam BSM001100 '),(331,751000,'https://res.cloudinary.com/dmvncmrci/image/upload/v1702839167/Product/bsm001100xam1_bc7239338beb486c909739d156bedebd_hu8vo2.webp',8,44,_binary '','2023-12-18 01:53:02.205000','2023-12-18 01:53:02.205000','Giày Thể Thao Nam BSM001100 '),(332,751000,'https://res.cloudinary.com/dmvncmrci/image/upload/v1702839167/Product/bsm001100xam1_bc7239338beb486c909739d156bedebd_hu8vo2.webp',15,44,_binary '','2023-12-18 01:53:02.212000','2023-12-18 01:53:02.212000','Giày Thể Thao Nam BSM001100 '),(333,981000,'https://res.cloudinary.com/dmvncmrci/image/upload/v1702839473/Product/hay-bo-nam-biti-s-hunter-running-gray-dsmh10000xam-xam-k8iou-color-xam_c0300a46d8944863b7b99f6702abb6b1_dvaaov.webp',25,45,_binary '','2023-12-18 02:01:09.252000','2023-12-18 02:01:09.252000','Giày Thể Thao Nam Running DSMH10000 '),(334,981000,'https://res.cloudinary.com/dmvncmrci/image/upload/v1702839473/Product/hay-bo-nam-biti-s-hunter-running-gray-dsmh10000xam-xam-k8iou-color-xam_c0300a46d8944863b7b99f6702abb6b1_dvaaov.webp',20,45,_binary '','2023-12-18 02:01:09.257000','2023-12-18 02:01:09.257000','Giày Thể Thao Nam Running DSMH10000 '),(335,981000,'https://res.cloudinary.com/dmvncmrci/image/upload/v1702839473/Product/hay-bo-nam-biti-s-hunter-running-gray-dsmh10000xam-xam-k8iou-color-xam_c0300a46d8944863b7b99f6702abb6b1_dvaaov.webp',15,45,_binary '','2023-12-18 02:01:09.265000','2023-12-18 02:01:09.265000','Giày Thể Thao Nam Running DSMH10000 '),(336,981000,'https://res.cloudinary.com/dmvncmrci/image/upload/v1702839473/Product/hay-bo-nam-biti-s-hunter-running-gray-dsmh10000xam-xam-k8iou-color-xam_c0300a46d8944863b7b99f6702abb6b1_dvaaov.webp',15,45,_binary '','2023-12-18 02:01:09.272000','2023-12-18 02:01:09.272000','Giày Thể Thao Nam Running DSMH10000 '),(337,981000,'https://res.cloudinary.com/dmvncmrci/image/upload/v1702839473/Product/hay-bo-nam-biti-s-hunter-running-gray-dsmh10000xam-xam-k8iou-color-xam_c0300a46d8944863b7b99f6702abb6b1_dvaaov.webp',20,45,_binary '','2023-12-18 02:01:09.279000','2023-12-18 02:01:09.279000','Giày Thể Thao Nam Running DSMH10000 '),(338,981000,'https://res.cloudinary.com/dmvncmrci/image/upload/v1702839473/Product/hay-bo-nam-biti-s-hunter-running-gray-dsmh10000xam-xam-k8iou-color-xam_c0300a46d8944863b7b99f6702abb6b1_dvaaov.webp',10,45,_binary '','2023-12-18 02:01:09.288000','2023-12-18 02:01:09.288000','Giày Thể Thao Nam Running DSMH10000 '),(339,981000,'https://res.cloudinary.com/dmvncmrci/image/upload/v1702839473/Product/hay-bo-nam-biti-s-hunter-running-gray-dsmh10000xam-xam-k8iou-color-xam_c0300a46d8944863b7b99f6702abb6b1_dvaaov.webp',10,45,_binary '','2023-12-18 02:01:09.331000','2023-12-18 02:01:09.331000','Giày Thể Thao Nam Running DSMH10000 '),(340,981000,'https://res.cloudinary.com/dmvncmrci/image/upload/v1702839484/Product/y-bo-nam-biti-s-hunter-running-orange-dsmh10000cam-cam-hxin6-color-cam_3940f32614874fd49f05a0b266b8f409_uuycue.webp',12,45,_binary '','2023-12-18 02:01:09.351000','2023-12-18 02:01:09.351000','Giày Thể Thao Nam Running DSMH10000 '),(341,981000,'https://res.cloudinary.com/dmvncmrci/image/upload/v1702839484/Product/y-bo-nam-biti-s-hunter-running-orange-dsmh10000cam-cam-hxin6-color-cam_3940f32614874fd49f05a0b266b8f409_uuycue.webp',14,45,_binary '','2023-12-18 02:01:09.358000','2023-12-18 02:01:09.358000','Giày Thể Thao Nam Running DSMH10000 '),(342,981000,'https://res.cloudinary.com/dmvncmrci/image/upload/v1702839484/Product/y-bo-nam-biti-s-hunter-running-orange-dsmh10000cam-cam-hxin6-color-cam_3940f32614874fd49f05a0b266b8f409_uuycue.webp',24,45,_binary '','2023-12-18 02:01:09.367000','2023-12-18 02:01:09.367000','Giày Thể Thao Nam Running DSMH10000 '),(343,981000,'https://res.cloudinary.com/dmvncmrci/image/upload/v1702839484/Product/y-bo-nam-biti-s-hunter-running-orange-dsmh10000cam-cam-hxin6-color-cam_3940f32614874fd49f05a0b266b8f409_uuycue.webp',27,45,_binary '','2023-12-18 02:01:09.374000','2023-12-18 02:01:09.374000','Giày Thể Thao Nam Running DSMH10000 '),(344,981000,'https://res.cloudinary.com/dmvncmrci/image/upload/v1702839484/Product/y-bo-nam-biti-s-hunter-running-orange-dsmh10000cam-cam-hxin6-color-cam_3940f32614874fd49f05a0b266b8f409_uuycue.webp',23,45,_binary '','2023-12-18 02:01:09.382000','2023-12-18 02:01:09.382000','Giày Thể Thao Nam Running DSMH10000 '),(345,981000,'https://res.cloudinary.com/dmvncmrci/image/upload/v1702839484/Product/y-bo-nam-biti-s-hunter-running-orange-dsmh10000cam-cam-hxin6-color-cam_3940f32614874fd49f05a0b266b8f409_uuycue.webp',25,45,_binary '','2023-12-18 02:01:09.388000','2023-12-18 02:01:09.388000','Giày Thể Thao Nam Running DSMH10000 '),(346,981000,'https://res.cloudinary.com/dmvncmrci/image/upload/v1702839484/Product/y-bo-nam-biti-s-hunter-running-orange-dsmh10000cam-cam-hxin6-color-cam_3940f32614874fd49f05a0b266b8f409_uuycue.webp',25,45,_binary '','2023-12-18 02:01:09.393000','2023-12-18 02:01:09.393000','Giày Thể Thao Nam Running DSMH10000 '),(347,981000,'https://res.cloudinary.com/dmvncmrci/image/upload/v1702839521/Product/bo-nam-biti-s-hunter-running-yellow-dsmh10000vag-vang-w4wx4-color-vang_e6f34533e7b844978f9606a212cd5868_wcmvnh.webp',25,45,_binary '','2023-12-18 02:01:09.406000','2023-12-18 02:01:09.406000','Giày Thể Thao Nam Running DSMH10000 '),(348,981000,'https://res.cloudinary.com/dmvncmrci/image/upload/v1702839521/Product/bo-nam-biti-s-hunter-running-yellow-dsmh10000vag-vang-w4wx4-color-vang_e6f34533e7b844978f9606a212cd5868_wcmvnh.webp',25,45,_binary '','2023-12-18 02:01:09.414000','2023-12-18 02:01:09.414000','Giày Thể Thao Nam Running DSMH10000 '),(349,981000,'https://res.cloudinary.com/dmvncmrci/image/upload/v1702839521/Product/bo-nam-biti-s-hunter-running-yellow-dsmh10000vag-vang-w4wx4-color-vang_e6f34533e7b844978f9606a212cd5868_wcmvnh.webp',27,45,_binary '','2023-12-18 02:01:09.421000','2023-12-18 02:01:09.421000','Giày Thể Thao Nam Running DSMH10000 '),(350,981000,'https://res.cloudinary.com/dmvncmrci/image/upload/v1702839521/Product/bo-nam-biti-s-hunter-running-yellow-dsmh10000vag-vang-w4wx4-color-vang_e6f34533e7b844978f9606a212cd5868_wcmvnh.webp',24,45,_binary '','2023-12-18 02:01:09.426000','2023-12-18 02:01:09.426000','Giày Thể Thao Nam Running DSMH10000 '),(351,981000,'https://res.cloudinary.com/dmvncmrci/image/upload/v1702839521/Product/bo-nam-biti-s-hunter-running-yellow-dsmh10000vag-vang-w4wx4-color-vang_e6f34533e7b844978f9606a212cd5868_wcmvnh.webp',8,45,_binary '','2023-12-18 02:01:09.442000','2023-12-18 02:01:09.442000','Giày Thể Thao Nam Running DSMH10000 '),(352,981000,'https://res.cloudinary.com/dmvncmrci/image/upload/v1702839521/Product/bo-nam-biti-s-hunter-running-yellow-dsmh10000vag-vang-w4wx4-color-vang_e6f34533e7b844978f9606a212cd5868_wcmvnh.webp',15,45,_binary '','2023-12-18 02:01:09.451000','2023-12-18 02:01:09.451000','Giày Thể Thao Nam Running DSMH10000 '),(353,981000,'https://res.cloudinary.com/dmvncmrci/image/upload/v1702839521/Product/bo-nam-biti-s-hunter-running-yellow-dsmh10000vag-vang-w4wx4-color-vang_e6f34533e7b844978f9606a212cd5868_wcmvnh.webp',15,45,_binary '','2023-12-18 02:01:09.457000','2023-12-18 02:01:09.457000','Giày Thể Thao Nam Running DSMH10000 '),(354,981000,'https://res.cloudinary.com/dmvncmrci/image/upload/v1702839868/Product/hsm003800xmn__2__11e9544578a64e158a475d22a8a67da5_njgqwe.webp',25,46,_binary '','2023-12-18 02:04:05.374000','2023-12-18 02:04:05.374000','Giày Thể Thao - Chạy Bộ Nam Running HSM003800'),(355,981000,'https://res.cloudinary.com/dmvncmrci/image/upload/v1702839868/Product/hsm003800xmn__2__11e9544578a64e158a475d22a8a67da5_njgqwe.webp',20,46,_binary '','2023-12-18 02:04:05.385000','2023-12-18 02:04:05.385000','Giày Thể Thao - Chạy Bộ Nam Running HSM003800'),(356,981000,'https://res.cloudinary.com/dmvncmrci/image/upload/v1702839868/Product/hsm003800xmn__2__11e9544578a64e158a475d22a8a67da5_njgqwe.webp',15,46,_binary '','2023-12-18 02:04:05.396000','2023-12-18 02:04:05.396000','Giày Thể Thao - Chạy Bộ Nam Running HSM003800'),(357,981000,'https://res.cloudinary.com/dmvncmrci/image/upload/v1702839868/Product/hsm003800xmn__2__11e9544578a64e158a475d22a8a67da5_njgqwe.webp',15,46,_binary '','2023-12-18 02:04:05.405000','2023-12-18 02:04:05.405000','Giày Thể Thao - Chạy Bộ Nam Running HSM003800'),(358,981000,'https://res.cloudinary.com/dmvncmrci/image/upload/v1702839868/Product/hsm003800xmn__2__11e9544578a64e158a475d22a8a67da5_njgqwe.webp',20,46,_binary '','2023-12-18 02:04:05.417000','2023-12-18 02:04:05.417000','Giày Thể Thao - Chạy Bộ Nam Running HSM003800'),(359,981000,'https://res.cloudinary.com/dmvncmrci/image/upload/v1702839868/Product/hsm003800xmn__2__11e9544578a64e158a475d22a8a67da5_njgqwe.webp',10,46,_binary '','2023-12-18 02:04:05.424000','2023-12-18 02:04:05.424000','Giày Thể Thao - Chạy Bộ Nam Running HSM003800'),(360,981000,'https://res.cloudinary.com/dmvncmrci/image/upload/v1702839868/Product/hsm003800xmn__2__11e9544578a64e158a475d22a8a67da5_njgqwe.webp',10,46,_binary '','2023-12-18 02:04:05.433000','2023-12-18 02:04:05.433000','Giày Thể Thao - Chạy Bộ Nam Running HSM003800'),(361,981000,'https://res.cloudinary.com/dmvncmrci/image/upload/v1702839886/Product/hsm003800cam__2__0e67ba8eaa5d4bb9a203a742bbce3b2b_crklc0.webp',12,46,_binary '','2023-12-18 02:04:05.440000','2023-12-18 02:04:05.440000','Giày Thể Thao - Chạy Bộ Nam Running HSM003800'),(362,981000,'https://res.cloudinary.com/dmvncmrci/image/upload/v1702839886/Product/hsm003800cam__2__0e67ba8eaa5d4bb9a203a742bbce3b2b_crklc0.webp',14,46,_binary '','2023-12-18 02:04:05.449000','2023-12-18 02:04:05.449000','Giày Thể Thao - Chạy Bộ Nam Running HSM003800'),(363,981000,'https://res.cloudinary.com/dmvncmrci/image/upload/v1702839886/Product/hsm003800cam__2__0e67ba8eaa5d4bb9a203a742bbce3b2b_crklc0.webp',24,46,_binary '','2023-12-18 02:04:05.456000','2023-12-18 02:04:05.456000','Giày Thể Thao - Chạy Bộ Nam Running HSM003800'),(364,981000,'https://res.cloudinary.com/dmvncmrci/image/upload/v1702839886/Product/hsm003800cam__2__0e67ba8eaa5d4bb9a203a742bbce3b2b_crklc0.webp',27,46,_binary '','2023-12-18 02:04:05.463000','2023-12-18 02:04:05.463000','Giày Thể Thao - Chạy Bộ Nam Running HSM003800'),(365,981000,'https://res.cloudinary.com/dmvncmrci/image/upload/v1702839886/Product/hsm003800cam__2__0e67ba8eaa5d4bb9a203a742bbce3b2b_crklc0.webp',23,46,_binary '','2023-12-18 02:04:05.468000','2023-12-18 02:04:05.468000','Giày Thể Thao - Chạy Bộ Nam Running HSM003800'),(366,981000,'https://res.cloudinary.com/dmvncmrci/image/upload/v1702839886/Product/hsm003800cam__2__0e67ba8eaa5d4bb9a203a742bbce3b2b_crklc0.webp',25,46,_binary '','2023-12-18 02:04:05.473000','2023-12-18 02:04:05.473000','Giày Thể Thao - Chạy Bộ Nam Running HSM003800'),(367,981000,'https://res.cloudinary.com/dmvncmrci/image/upload/v1702839886/Product/hsm003800cam__2__0e67ba8eaa5d4bb9a203a742bbce3b2b_crklc0.webp',25,46,_binary '','2023-12-18 02:04:05.479000','2023-12-18 02:04:05.479000','Giày Thể Thao - Chạy Bộ Nam Running HSM003800'),(368,981000,'https://res.cloudinary.com/dmvncmrci/image/upload/v1702839883/Product/hsm003800xdg__2__74705a889cd34a76be29387ca9ea85dd_i4ehwd.webp',25,46,_binary '','2023-12-18 02:04:05.494000','2023-12-18 02:04:05.494000','Giày Thể Thao - Chạy Bộ Nam Running HSM003800'),(369,981000,'https://res.cloudinary.com/dmvncmrci/image/upload/v1702839883/Product/hsm003800xdg__2__74705a889cd34a76be29387ca9ea85dd_i4ehwd.webp',25,46,_binary '','2023-12-18 02:04:05.500000','2023-12-18 02:04:05.500000','Giày Thể Thao - Chạy Bộ Nam Running HSM003800'),(370,981000,'https://res.cloudinary.com/dmvncmrci/image/upload/v1702839883/Product/hsm003800xdg__2__74705a889cd34a76be29387ca9ea85dd_i4ehwd.webp',27,46,_binary '','2023-12-18 02:04:05.506000','2023-12-18 02:04:05.506000','Giày Thể Thao - Chạy Bộ Nam Running HSM003800'),(371,981000,'https://res.cloudinary.com/dmvncmrci/image/upload/v1702839883/Product/hsm003800xdg__2__74705a889cd34a76be29387ca9ea85dd_i4ehwd.webp',24,46,_binary '','2023-12-18 02:04:05.513000','2023-12-18 02:04:05.513000','Giày Thể Thao - Chạy Bộ Nam Running HSM003800'),(372,981000,'https://res.cloudinary.com/dmvncmrci/image/upload/v1702839883/Product/hsm003800xdg__2__74705a889cd34a76be29387ca9ea85dd_i4ehwd.webp',8,46,_binary '','2023-12-18 02:04:05.518000','2023-12-18 02:04:05.518000','Giày Thể Thao - Chạy Bộ Nam Running HSM003800'),(373,981000,'https://res.cloudinary.com/dmvncmrci/image/upload/v1702839883/Product/hsm003800xdg__2__74705a889cd34a76be29387ca9ea85dd_i4ehwd.webp',15,46,_binary '','2023-12-18 02:04:05.523000','2023-12-18 02:04:05.523000','Giày Thể Thao - Chạy Bộ Nam Running HSM003800'),(374,981000,'https://res.cloudinary.com/dmvncmrci/image/upload/v1702839883/Product/hsm003800xdg__2__74705a889cd34a76be29387ca9ea85dd_i4ehwd.webp',15,46,_binary '','2023-12-18 02:04:05.530000','2023-12-18 02:04:05.530000','Giày Thể Thao - Chạy Bộ Nam Running HSM003800'),(375,981000,'https://res.cloudinary.com/dmvncmrci/image/upload/v1702840058/Product/h08300cam__3__579488198a6047798bfa78fbf1d08d1f_oraqpl.webp',25,47,_binary '','2023-12-18 02:09:18.867000','2023-12-18 02:09:18.867000','Giày Thể Thao - Chạy Bộ Nam Running Tiger DSMH08300'),(376,981000,'https://res.cloudinary.com/dmvncmrci/image/upload/v1702840058/Product/h08300cam__3__579488198a6047798bfa78fbf1d08d1f_oraqpl.webp',20,47,_binary '','2023-12-18 02:09:18.873000','2023-12-18 02:09:18.873000','Giày Thể Thao - Chạy Bộ Nam Running Tiger DSMH08300'),(377,981000,'https://res.cloudinary.com/dmvncmrci/image/upload/v1702840058/Product/h08300cam__3__579488198a6047798bfa78fbf1d08d1f_oraqpl.webp',15,47,_binary '','2023-12-18 02:09:18.890000','2023-12-18 02:09:18.890000','Giày Thể Thao - Chạy Bộ Nam Running Tiger DSMH08300'),(378,981000,'https://res.cloudinary.com/dmvncmrci/image/upload/v1702840058/Product/h08300cam__3__579488198a6047798bfa78fbf1d08d1f_oraqpl.webp',15,47,_binary '','2023-12-18 02:09:18.899000','2023-12-18 02:09:18.899000','Giày Thể Thao - Chạy Bộ Nam Running Tiger DSMH08300'),(379,981000,'https://res.cloudinary.com/dmvncmrci/image/upload/v1702840058/Product/h08300cam__3__579488198a6047798bfa78fbf1d08d1f_oraqpl.webp',20,47,_binary '','2023-12-18 02:09:18.907000','2023-12-18 02:09:18.907000','Giày Thể Thao - Chạy Bộ Nam Running Tiger DSMH08300'),(380,981000,'https://res.cloudinary.com/dmvncmrci/image/upload/v1702840058/Product/h08300cam__3__579488198a6047798bfa78fbf1d08d1f_oraqpl.webp',10,47,_binary '','2023-12-18 02:09:18.913000','2023-12-18 02:09:18.913000','Giày Thể Thao - Chạy Bộ Nam Running Tiger DSMH08300'),(381,981000,'https://res.cloudinary.com/dmvncmrci/image/upload/v1702840058/Product/h08300cam__3__579488198a6047798bfa78fbf1d08d1f_oraqpl.webp',10,47,_binary '','2023-12-18 02:09:18.917000','2023-12-18 02:09:18.917000','Giày Thể Thao - Chạy Bộ Nam Running Tiger DSMH08300'),(382,981000,'https://res.cloudinary.com/dmvncmrci/image/upload/v1702840069/Product/ay-chay-bo-nam-biti-s-hunter-running-white-dsmh08300-fy6kz-color-trang_e6fa8e9ad46645068be187b5107fa79b_beic88.webp',12,47,_binary '','2023-12-18 02:09:18.925000','2023-12-18 02:09:18.925000','Giày Thể Thao - Chạy Bộ Nam Running Tiger DSMH08300'),(383,981000,'https://res.cloudinary.com/dmvncmrci/image/upload/v1702840069/Product/ay-chay-bo-nam-biti-s-hunter-running-white-dsmh08300-fy6kz-color-trang_e6fa8e9ad46645068be187b5107fa79b_beic88.webp',14,47,_binary '','2023-12-18 02:09:18.932000','2023-12-18 02:09:18.932000','Giày Thể Thao - Chạy Bộ Nam Running Tiger DSMH08300'),(384,981000,'https://res.cloudinary.com/dmvncmrci/image/upload/v1702840069/Product/ay-chay-bo-nam-biti-s-hunter-running-white-dsmh08300-fy6kz-color-trang_e6fa8e9ad46645068be187b5107fa79b_beic88.webp',24,47,_binary '','2023-12-18 02:09:18.939000','2023-12-18 02:09:18.939000','Giày Thể Thao - Chạy Bộ Nam Running Tiger DSMH08300'),(385,981000,'https://res.cloudinary.com/dmvncmrci/image/upload/v1702840069/Product/ay-chay-bo-nam-biti-s-hunter-running-white-dsmh08300-fy6kz-color-trang_e6fa8e9ad46645068be187b5107fa79b_beic88.webp',27,47,_binary '','2023-12-18 02:09:18.947000','2023-12-18 02:09:18.947000','Giày Thể Thao - Chạy Bộ Nam Running Tiger DSMH08300'),(386,981000,'https://res.cloudinary.com/dmvncmrci/image/upload/v1702840069/Product/ay-chay-bo-nam-biti-s-hunter-running-white-dsmh08300-fy6kz-color-trang_e6fa8e9ad46645068be187b5107fa79b_beic88.webp',23,47,_binary '','2023-12-18 02:09:18.953000','2023-12-18 02:09:18.953000','Giày Thể Thao - Chạy Bộ Nam Running Tiger DSMH08300'),(387,981000,'https://res.cloudinary.com/dmvncmrci/image/upload/v1702840069/Product/ay-chay-bo-nam-biti-s-hunter-running-white-dsmh08300-fy6kz-color-trang_e6fa8e9ad46645068be187b5107fa79b_beic88.webp',25,47,_binary '','2023-12-18 02:09:18.965000','2023-12-18 02:09:18.965000','Giày Thể Thao - Chạy Bộ Nam Running Tiger DSMH08300'),(388,981000,'https://res.cloudinary.com/dmvncmrci/image/upload/v1702840069/Product/ay-chay-bo-nam-biti-s-hunter-running-white-dsmh08300-fy6kz-color-trang_e6fa8e9ad46645068be187b5107fa79b_beic88.webp',25,47,_binary '','2023-12-18 02:09:18.976000','2023-12-18 02:09:18.976000','Giày Thể Thao - Chạy Bộ Nam Running Tiger DSMH08300'),(389,981000,'https://res.cloudinary.com/dmvncmrci/image/upload/v1702840077/Product/giay-chay-bo-nam-biti-s-hunter-running-dsmh08300-7kt5v-color-den_f7377acbcd3546b79e7264ef0efecb5e_punmso.webp',25,47,_binary '','2023-12-18 02:09:18.983000','2023-12-18 02:09:18.983000','Giày Thể Thao - Chạy Bộ Nam Running Tiger DSMH08300'),(390,981000,'https://res.cloudinary.com/dmvncmrci/image/upload/v1702840077/Product/giay-chay-bo-nam-biti-s-hunter-running-dsmh08300-7kt5v-color-den_f7377acbcd3546b79e7264ef0efecb5e_punmso.webp',25,47,_binary '','2023-12-18 02:09:18.988000','2023-12-18 02:09:18.988000','Giày Thể Thao - Chạy Bộ Nam Running Tiger DSMH08300'),(391,981000,'https://res.cloudinary.com/dmvncmrci/image/upload/v1702840077/Product/giay-chay-bo-nam-biti-s-hunter-running-dsmh08300-7kt5v-color-den_f7377acbcd3546b79e7264ef0efecb5e_punmso.webp',27,47,_binary '','2023-12-18 02:09:18.996000','2023-12-18 02:09:18.996000','Giày Thể Thao - Chạy Bộ Nam Running Tiger DSMH08300'),(392,981000,'https://res.cloudinary.com/dmvncmrci/image/upload/v1702840077/Product/giay-chay-bo-nam-biti-s-hunter-running-dsmh08300-7kt5v-color-den_f7377acbcd3546b79e7264ef0efecb5e_punmso.webp',24,47,_binary '','2023-12-18 02:09:19.002000','2023-12-18 02:09:19.002000','Giày Thể Thao - Chạy Bộ Nam Running Tiger DSMH08300'),(393,981000,'https://res.cloudinary.com/dmvncmrci/image/upload/v1702840077/Product/giay-chay-bo-nam-biti-s-hunter-running-dsmh08300-7kt5v-color-den_f7377acbcd3546b79e7264ef0efecb5e_punmso.webp',8,47,_binary '','2023-12-18 02:09:19.010000','2023-12-18 02:09:19.010000','Giày Thể Thao - Chạy Bộ Nam Running Tiger DSMH08300'),(394,981000,'https://res.cloudinary.com/dmvncmrci/image/upload/v1702840077/Product/giay-chay-bo-nam-biti-s-hunter-running-dsmh08300-7kt5v-color-den_f7377acbcd3546b79e7264ef0efecb5e_punmso.webp',15,47,_binary '','2023-12-18 02:09:19.017000','2023-12-18 02:09:19.017000','Giày Thể Thao - Chạy Bộ Nam Running Tiger DSMH08300'),(395,981000,'https://res.cloudinary.com/dmvncmrci/image/upload/v1702840077/Product/giay-chay-bo-nam-biti-s-hunter-running-dsmh08300-7kt5v-color-den_f7377acbcd3546b79e7264ef0efecb5e_punmso.webp',15,47,_binary '','2023-12-18 02:09:19.024000','2023-12-18 02:09:19.024000','Giày Thể Thao - Chạy Bộ Nam Running Tiger DSMH08300'),(396,686000,'https://res.cloudinary.com/dmvncmrci/image/upload/v1702840296/Product/hsm003600cam__2__ebba4c44b4b64642ae2694d0de986b86_zvem2c.webp',12,48,_binary '','2023-12-18 02:57:01.439000','2023-12-18 02:57:01.439000','Giày Thể Thao - Đá Bóng Nam Football HSM003600 '),(397,686000,'https://res.cloudinary.com/dmvncmrci/image/upload/v1702840296/Product/hsm003600cam__2__ebba4c44b4b64642ae2694d0de986b86_zvem2c.webp',17,48,_binary '','2023-12-18 02:57:01.453000','2023-12-18 02:57:01.453000','Giày Thể Thao - Đá Bóng Nam Football HSM003600 '),(398,686000,'https://res.cloudinary.com/dmvncmrci/image/upload/v1702840296/Product/hsm003600cam__2__ebba4c44b4b64642ae2694d0de986b86_zvem2c.webp',28,48,_binary '','2023-12-18 02:57:01.467000','2023-12-18 02:57:01.467000','Giày Thể Thao - Đá Bóng Nam Football HSM003600 '),(399,686000,'https://res.cloudinary.com/dmvncmrci/image/upload/v1702840296/Product/hsm003600cam__2__ebba4c44b4b64642ae2694d0de986b86_zvem2c.webp',25,48,_binary '','2023-12-18 02:57:01.481000','2023-12-18 02:57:01.481000','Giày Thể Thao - Đá Bóng Nam Football HSM003600 '),(400,686000,'https://res.cloudinary.com/dmvncmrci/image/upload/v1702840296/Product/hsm003600cam__2__ebba4c44b4b64642ae2694d0de986b86_zvem2c.webp',23,48,_binary '','2023-12-18 02:57:01.495000','2023-12-18 02:57:01.495000','Giày Thể Thao - Đá Bóng Nam Football HSM003600 '),(401,686000,'https://res.cloudinary.com/dmvncmrci/image/upload/v1702840296/Product/hsm003600cam__2__ebba4c44b4b64642ae2694d0de986b86_zvem2c.webp',20,48,_binary '','2023-12-18 02:57:01.507000','2023-12-18 02:57:01.507000','Giày Thể Thao - Đá Bóng Nam Football HSM003600 '),(402,686000,'https://res.cloudinary.com/dmvncmrci/image/upload/v1702840296/Product/hsm003600cam__2__ebba4c44b4b64642ae2694d0de986b86_zvem2c.webp',15,48,_binary '','2023-12-18 02:57:01.521000','2023-12-18 02:57:01.521000','Giày Thể Thao - Đá Bóng Nam Football HSM003600 '),(403,686000,'https://res.cloudinary.com/dmvncmrci/image/upload/v1702840296/Product/hsm003600cam__2__ebba4c44b4b64642ae2694d0de986b86_zvem2c.webp',15,48,_binary '','2023-12-18 02:57:01.535000','2023-12-18 02:57:01.535000','Giày Thể Thao - Đá Bóng Nam Football HSM003600 '),(404,686000,'https://res.cloudinary.com/dmvncmrci/image/upload/v1702840296/Product/hsm003600cam__2__ebba4c44b4b64642ae2694d0de986b86_zvem2c.webp',20,48,_binary '','2023-12-18 02:57:01.549000','2023-12-18 02:57:01.549000','Giày Thể Thao - Đá Bóng Nam Football HSM003600 '),(405,686000,'https://res.cloudinary.com/dmvncmrci/image/upload/v1702840296/Product/hsm003600cam__2__ebba4c44b4b64642ae2694d0de986b86_zvem2c.webp',10,48,_binary '','2023-12-18 02:57:01.564000','2023-12-18 02:57:01.564000','Giày Thể Thao - Đá Bóng Nam Football HSM003600 '),(406,686000,'https://res.cloudinary.com/dmvncmrci/image/upload/v1702843086/Product/hsm003600doo__2__0aa8c84fa50c43b08a296b80d82add58_o9mjiq.webp',12,48,_binary '','2023-12-18 02:57:01.579000','2023-12-18 02:57:01.579000','Giày Thể Thao - Đá Bóng Nam Football HSM003600 '),(407,686000,'https://res.cloudinary.com/dmvncmrci/image/upload/v1702843086/Product/hsm003600doo__2__0aa8c84fa50c43b08a296b80d82add58_o9mjiq.webp',17,48,_binary '','2023-12-18 02:57:01.591000','2023-12-18 02:57:01.591000','Giày Thể Thao - Đá Bóng Nam Football HSM003600 '),(408,686000,'https://res.cloudinary.com/dmvncmrci/image/upload/v1702843086/Product/hsm003600doo__2__0aa8c84fa50c43b08a296b80d82add58_o9mjiq.webp',28,48,_binary '','2023-12-18 02:57:01.604000','2023-12-18 02:57:01.604000','Giày Thể Thao - Đá Bóng Nam Football HSM003600 '),(409,686000,'https://res.cloudinary.com/dmvncmrci/image/upload/v1702843086/Product/hsm003600doo__2__0aa8c84fa50c43b08a296b80d82add58_o9mjiq.webp',25,48,_binary '','2023-12-18 02:57:01.617000','2023-12-18 02:57:01.617000','Giày Thể Thao - Đá Bóng Nam Football HSM003600 '),(410,686000,'https://res.cloudinary.com/dmvncmrci/image/upload/v1702843086/Product/hsm003600doo__2__0aa8c84fa50c43b08a296b80d82add58_o9mjiq.webp',12,48,_binary '','2023-12-18 02:57:01.630000','2023-12-18 02:57:01.630000','Giày Thể Thao - Đá Bóng Nam Football HSM003600 '),(411,686000,'https://res.cloudinary.com/dmvncmrci/image/upload/v1702843086/Product/hsm003600doo__2__0aa8c84fa50c43b08a296b80d82add58_o9mjiq.webp',14,48,_binary '','2023-12-18 02:57:01.641000','2023-12-18 02:57:01.641000','Giày Thể Thao - Đá Bóng Nam Football HSM003600 '),(412,686000,'https://res.cloudinary.com/dmvncmrci/image/upload/v1702843086/Product/hsm003600doo__2__0aa8c84fa50c43b08a296b80d82add58_o9mjiq.webp',24,48,_binary '','2023-12-18 02:57:01.653000','2023-12-18 02:57:01.653000','Giày Thể Thao - Đá Bóng Nam Football HSM003600 '),(413,686000,'https://res.cloudinary.com/dmvncmrci/image/upload/v1702843086/Product/hsm003600doo__2__0aa8c84fa50c43b08a296b80d82add58_o9mjiq.webp',27,48,_binary '','2023-12-18 02:57:01.665000','2023-12-18 02:57:01.665000','Giày Thể Thao - Đá Bóng Nam Football HSM003600 '),(414,686000,'https://res.cloudinary.com/dmvncmrci/image/upload/v1702843086/Product/hsm003600doo__2__0aa8c84fa50c43b08a296b80d82add58_o9mjiq.webp',23,48,_binary '','2023-12-18 02:57:01.676000','2023-12-18 02:57:01.676000','Giày Thể Thao - Đá Bóng Nam Football HSM003600 '),(415,686000,'https://res.cloudinary.com/dmvncmrci/image/upload/v1702843086/Product/hsm003600doo__2__0aa8c84fa50c43b08a296b80d82add58_o9mjiq.webp',25,48,_binary '','2023-12-18 02:57:01.687000','2023-12-18 02:57:01.687000','Giày Thể Thao - Đá Bóng Nam Football HSM003600 '),(416,686000,'https://res.cloudinary.com/dmvncmrci/image/upload/v1702840311/Product/hsm003600xmn__2__5f931bbef636452b9bba14b56aa8fbc3_v1q21w.webp',12,48,_binary '','2023-12-18 02:57:01.702000','2023-12-18 02:57:01.702000','Giày Thể Thao - Đá Bóng Nam Football HSM003600 '),(417,686000,'https://res.cloudinary.com/dmvncmrci/image/upload/v1702840311/Product/hsm003600xmn__2__5f931bbef636452b9bba14b56aa8fbc3_v1q21w.webp',17,48,_binary '','2023-12-18 02:57:01.715000','2023-12-18 02:57:01.715000','Giày Thể Thao - Đá Bóng Nam Football HSM003600 '),(418,686000,'https://res.cloudinary.com/dmvncmrci/image/upload/v1702840311/Product/hsm003600xmn__2__5f931bbef636452b9bba14b56aa8fbc3_v1q21w.webp',28,48,_binary '','2023-12-18 02:57:01.727000','2023-12-18 02:57:01.727000','Giày Thể Thao - Đá Bóng Nam Football HSM003600 '),(419,686000,'https://res.cloudinary.com/dmvncmrci/image/upload/v1702840311/Product/hsm003600xmn__2__5f931bbef636452b9bba14b56aa8fbc3_v1q21w.webp',25,48,_binary '','2023-12-18 02:57:01.741000','2023-12-18 02:57:01.741000','Giày Thể Thao - Đá Bóng Nam Football HSM003600 '),(420,686000,'https://res.cloudinary.com/dmvncmrci/image/upload/v1702840311/Product/hsm003600xmn__2__5f931bbef636452b9bba14b56aa8fbc3_v1q21w.webp',25,48,_binary '','2023-12-18 02:57:01.756000','2023-12-18 02:57:01.756000','Giày Thể Thao - Đá Bóng Nam Football HSM003600 '),(421,686000,'https://res.cloudinary.com/dmvncmrci/image/upload/v1702840311/Product/hsm003600xmn__2__5f931bbef636452b9bba14b56aa8fbc3_v1q21w.webp',25,48,_binary '','2023-12-18 02:57:01.770000','2023-12-18 02:57:01.770000','Giày Thể Thao - Đá Bóng Nam Football HSM003600 '),(422,686000,'https://res.cloudinary.com/dmvncmrci/image/upload/v1702840311/Product/hsm003600xmn__2__5f931bbef636452b9bba14b56aa8fbc3_v1q21w.webp',27,48,_binary '','2023-12-18 02:57:01.782000','2023-12-18 02:57:01.782000','Giày Thể Thao - Đá Bóng Nam Football HSM003600 '),(423,686000,'https://res.cloudinary.com/dmvncmrci/image/upload/v1702840311/Product/hsm003600xmn__2__5f931bbef636452b9bba14b56aa8fbc3_v1q21w.webp',24,48,_binary '','2023-12-18 02:57:01.791000','2023-12-18 02:57:01.791000','Giày Thể Thao - Đá Bóng Nam Football HSM003600 '),(424,686000,'https://res.cloudinary.com/dmvncmrci/image/upload/v1702840311/Product/hsm003600xmn__2__5f931bbef636452b9bba14b56aa8fbc3_v1q21w.webp',8,48,_binary '','2023-12-18 02:57:01.803000','2023-12-18 02:57:01.803000','Giày Thể Thao - Đá Bóng Nam Football HSM003600 '),(425,686000,'https://res.cloudinary.com/dmvncmrci/image/upload/v1702840311/Product/hsm003600xmn__2__5f931bbef636452b9bba14b56aa8fbc3_v1q21w.webp',15,48,_binary '','2023-12-18 02:57:01.816000','2023-12-18 02:57:01.816000','Giày Thể Thao - Đá Bóng Nam Football HSM003600 '),(426,765000,'https://res.cloudinary.com/dmvncmrci/image/upload/v1702843226/Product/giay-bong-da-nam-hunter-football-futsal-dsmh11100doo-do-3rd0k-color-do_58fe3ad6faf34ecb9a4ce7df26c59b07_btoleq.webp',12,49,_binary '','2023-12-18 03:04:47.551000','2023-12-18 03:04:47.551000','Giày Thể Thao - Bóng Đá Nam Football Futsal DSMH11100 '),(427,765000,'https://res.cloudinary.com/dmvncmrci/image/upload/v1702843226/Product/giay-bong-da-nam-hunter-football-futsal-dsmh11100doo-do-3rd0k-color-do_58fe3ad6faf34ecb9a4ce7df26c59b07_btoleq.webp',17,49,_binary '','2023-12-18 03:04:47.560000','2023-12-18 03:04:47.560000','Giày Thể Thao - Bóng Đá Nam Football Futsal DSMH11100 '),(428,765000,'https://res.cloudinary.com/dmvncmrci/image/upload/v1702843226/Product/giay-bong-da-nam-hunter-football-futsal-dsmh11100doo-do-3rd0k-color-do_58fe3ad6faf34ecb9a4ce7df26c59b07_btoleq.webp',28,49,_binary '','2023-12-18 03:04:47.565000','2023-12-18 03:04:47.565000','Giày Thể Thao - Bóng Đá Nam Football Futsal DSMH11100 '),(429,765000,'https://res.cloudinary.com/dmvncmrci/image/upload/v1702843226/Product/giay-bong-da-nam-hunter-football-futsal-dsmh11100doo-do-3rd0k-color-do_58fe3ad6faf34ecb9a4ce7df26c59b07_btoleq.webp',25,49,_binary '','2023-12-18 03:04:47.571000','2023-12-18 03:04:47.571000','Giày Thể Thao - Bóng Đá Nam Football Futsal DSMH11100 '),(430,765000,'https://res.cloudinary.com/dmvncmrci/image/upload/v1702843226/Product/giay-bong-da-nam-hunter-football-futsal-dsmh11100doo-do-3rd0k-color-do_58fe3ad6faf34ecb9a4ce7df26c59b07_btoleq.webp',23,49,_binary '','2023-12-18 03:04:47.578000','2023-12-18 03:04:47.578000','Giày Thể Thao - Bóng Đá Nam Football Futsal DSMH11100 '),(431,765000,'https://res.cloudinary.com/dmvncmrci/image/upload/v1702843226/Product/giay-bong-da-nam-hunter-football-futsal-dsmh11100doo-do-3rd0k-color-do_58fe3ad6faf34ecb9a4ce7df26c59b07_btoleq.webp',20,49,_binary '','2023-12-18 03:04:47.583000','2023-12-18 03:04:47.583000','Giày Thể Thao - Bóng Đá Nam Football Futsal DSMH11100 '),(432,765000,'https://res.cloudinary.com/dmvncmrci/image/upload/v1702843226/Product/giay-bong-da-nam-hunter-football-futsal-dsmh11100doo-do-3rd0k-color-do_58fe3ad6faf34ecb9a4ce7df26c59b07_btoleq.webp',15,49,_binary '','2023-12-18 03:04:47.591000','2023-12-18 03:04:47.591000','Giày Thể Thao - Bóng Đá Nam Football Futsal DSMH11100 '),(433,765000,'https://res.cloudinary.com/dmvncmrci/image/upload/v1702843226/Product/giay-bong-da-nam-hunter-football-futsal-dsmh11100doo-do-3rd0k-color-do_58fe3ad6faf34ecb9a4ce7df26c59b07_btoleq.webp',15,49,_binary '','2023-12-18 03:04:47.596000','2023-12-18 03:04:47.596000','Giày Thể Thao - Bóng Đá Nam Football Futsal DSMH11100 '),(434,765000,'https://res.cloudinary.com/dmvncmrci/image/upload/v1702843226/Product/giay-bong-da-nam-hunter-football-futsal-dsmh11100doo-do-3rd0k-color-do_58fe3ad6faf34ecb9a4ce7df26c59b07_btoleq.webp',20,49,_binary '','2023-12-18 03:04:47.601000','2023-12-18 03:04:47.601000','Giày Thể Thao - Bóng Đá Nam Football Futsal DSMH11100 '),(435,765000,'https://res.cloudinary.com/dmvncmrci/image/upload/v1702843226/Product/giay-bong-da-nam-hunter-football-futsal-dsmh11100doo-do-3rd0k-color-do_58fe3ad6faf34ecb9a4ce7df26c59b07_btoleq.webp',10,49,_binary '','2023-12-18 03:04:47.609000','2023-12-18 03:04:47.609000','Giày Thể Thao - Bóng Đá Nam Football Futsal DSMH11100 '),(436,765000,'https://res.cloudinary.com/dmvncmrci/image/upload/v1702843243/Product/-hunter-football-futsal-dsmh11100xmn-xanh-mi-no-j8uow-color-xanh-mi-no_b996ef009d1b4d64b206e4e7908ecc14_mccx3k.webp',12,49,_binary '','2023-12-18 03:04:47.617000','2023-12-18 03:04:47.617000','Giày Thể Thao - Bóng Đá Nam Football Futsal DSMH11100 '),(437,765000,'https://res.cloudinary.com/dmvncmrci/image/upload/v1702843243/Product/-hunter-football-futsal-dsmh11100xmn-xanh-mi-no-j8uow-color-xanh-mi-no_b996ef009d1b4d64b206e4e7908ecc14_mccx3k.webp',17,49,_binary '','2023-12-18 03:04:47.626000','2023-12-18 03:04:47.626000','Giày Thể Thao - Bóng Đá Nam Football Futsal DSMH11100 '),(438,765000,'https://res.cloudinary.com/dmvncmrci/image/upload/v1702843243/Product/-hunter-football-futsal-dsmh11100xmn-xanh-mi-no-j8uow-color-xanh-mi-no_b996ef009d1b4d64b206e4e7908ecc14_mccx3k.webp',28,49,_binary '','2023-12-18 03:04:47.631000','2023-12-18 03:04:47.631000','Giày Thể Thao - Bóng Đá Nam Football Futsal DSMH11100 '),(439,765000,'https://res.cloudinary.com/dmvncmrci/image/upload/v1702843243/Product/-hunter-football-futsal-dsmh11100xmn-xanh-mi-no-j8uow-color-xanh-mi-no_b996ef009d1b4d64b206e4e7908ecc14_mccx3k.webp',25,49,_binary '','2023-12-18 03:04:47.636000','2023-12-18 03:04:47.636000','Giày Thể Thao - Bóng Đá Nam Football Futsal DSMH11100 '),(440,765000,'https://res.cloudinary.com/dmvncmrci/image/upload/v1702843243/Product/-hunter-football-futsal-dsmh11100xmn-xanh-mi-no-j8uow-color-xanh-mi-no_b996ef009d1b4d64b206e4e7908ecc14_mccx3k.webp',12,49,_binary '','2023-12-18 03:04:47.643000','2023-12-18 03:04:47.643000','Giày Thể Thao - Bóng Đá Nam Football Futsal DSMH11100 '),(441,765000,'https://res.cloudinary.com/dmvncmrci/image/upload/v1702843243/Product/-hunter-football-futsal-dsmh11100xmn-xanh-mi-no-j8uow-color-xanh-mi-no_b996ef009d1b4d64b206e4e7908ecc14_mccx3k.webp',14,49,_binary '','2023-12-18 03:04:47.647000','2023-12-18 03:04:47.647000','Giày Thể Thao - Bóng Đá Nam Football Futsal DSMH11100 '),(442,765000,'https://res.cloudinary.com/dmvncmrci/image/upload/v1702843243/Product/-hunter-football-futsal-dsmh11100xmn-xanh-mi-no-j8uow-color-xanh-mi-no_b996ef009d1b4d64b206e4e7908ecc14_mccx3k.webp',24,49,_binary '','2023-12-18 03:04:47.654000','2023-12-18 03:04:47.654000','Giày Thể Thao - Bóng Đá Nam Football Futsal DSMH11100 '),(443,765000,'https://res.cloudinary.com/dmvncmrci/image/upload/v1702843243/Product/-hunter-football-futsal-dsmh11100xmn-xanh-mi-no-j8uow-color-xanh-mi-no_b996ef009d1b4d64b206e4e7908ecc14_mccx3k.webp',27,49,_binary '','2023-12-18 03:04:47.659000','2023-12-18 03:04:47.659000','Giày Thể Thao - Bóng Đá Nam Football Futsal DSMH11100 '),(444,765000,'https://res.cloudinary.com/dmvncmrci/image/upload/v1702843243/Product/-hunter-football-futsal-dsmh11100xmn-xanh-mi-no-j8uow-color-xanh-mi-no_b996ef009d1b4d64b206e4e7908ecc14_mccx3k.webp',23,49,_binary '','2023-12-18 03:04:47.664000','2023-12-18 03:04:47.664000','Giày Thể Thao - Bóng Đá Nam Football Futsal DSMH11100 '),(445,765000,'https://res.cloudinary.com/dmvncmrci/image/upload/v1702843243/Product/-hunter-football-futsal-dsmh11100xmn-xanh-mi-no-j8uow-color-xanh-mi-no_b996ef009d1b4d64b206e4e7908ecc14_mccx3k.webp',25,49,_binary '','2023-12-18 03:04:47.669000','2023-12-18 03:04:47.669000','Giày Thể Thao - Bóng Đá Nam Football Futsal DSMH11100 '),(446,765000,'https://res.cloudinary.com/dmvncmrci/image/upload/v1702843249/Product/-hunter-football-futsal-dsmh11100xdg-xanh-duong-b5noo-color-xanh-duong_cc28d598263b4fc498f1d427375438d0_wjcl4a.webp',12,49,_binary '','2023-12-18 03:04:47.678000','2023-12-18 03:04:47.678000','Giày Thể Thao - Bóng Đá Nam Football Futsal DSMH11100 '),(447,765000,'https://res.cloudinary.com/dmvncmrci/image/upload/v1702843249/Product/-hunter-football-futsal-dsmh11100xdg-xanh-duong-b5noo-color-xanh-duong_cc28d598263b4fc498f1d427375438d0_wjcl4a.webp',17,49,_binary '','2023-12-18 03:04:47.684000','2023-12-18 03:04:47.684000','Giày Thể Thao - Bóng Đá Nam Football Futsal DSMH11100 '),(448,765000,'https://res.cloudinary.com/dmvncmrci/image/upload/v1702843249/Product/-hunter-football-futsal-dsmh11100xdg-xanh-duong-b5noo-color-xanh-duong_cc28d598263b4fc498f1d427375438d0_wjcl4a.webp',28,49,_binary '','2023-12-18 03:04:47.693000','2023-12-18 03:04:47.693000','Giày Thể Thao - Bóng Đá Nam Football Futsal DSMH11100 '),(449,765000,'https://res.cloudinary.com/dmvncmrci/image/upload/v1702843249/Product/-hunter-football-futsal-dsmh11100xdg-xanh-duong-b5noo-color-xanh-duong_cc28d598263b4fc498f1d427375438d0_wjcl4a.webp',25,49,_binary '','2023-12-18 03:04:47.701000','2023-12-18 03:04:47.701000','Giày Thể Thao - Bóng Đá Nam Football Futsal DSMH11100 '),(450,765000,'https://res.cloudinary.com/dmvncmrci/image/upload/v1702843249/Product/-hunter-football-futsal-dsmh11100xdg-xanh-duong-b5noo-color-xanh-duong_cc28d598263b4fc498f1d427375438d0_wjcl4a.webp',25,49,_binary '','2023-12-18 03:04:47.709000','2023-12-18 03:04:47.709000','Giày Thể Thao - Bóng Đá Nam Football Futsal DSMH11100 '),(451,765000,'https://res.cloudinary.com/dmvncmrci/image/upload/v1702843249/Product/-hunter-football-futsal-dsmh11100xdg-xanh-duong-b5noo-color-xanh-duong_cc28d598263b4fc498f1d427375438d0_wjcl4a.webp',25,49,_binary '','2023-12-18 03:04:47.714000','2023-12-18 03:04:47.714000','Giày Thể Thao - Bóng Đá Nam Football Futsal DSMH11100 '),(452,765000,'https://res.cloudinary.com/dmvncmrci/image/upload/v1702843249/Product/-hunter-football-futsal-dsmh11100xdg-xanh-duong-b5noo-color-xanh-duong_cc28d598263b4fc498f1d427375438d0_wjcl4a.webp',27,49,_binary '','2023-12-18 03:04:47.721000','2023-12-18 03:04:47.721000','Giày Thể Thao - Bóng Đá Nam Football Futsal DSMH11100 '),(453,765000,'https://res.cloudinary.com/dmvncmrci/image/upload/v1702843249/Product/-hunter-football-futsal-dsmh11100xdg-xanh-duong-b5noo-color-xanh-duong_cc28d598263b4fc498f1d427375438d0_wjcl4a.webp',24,49,_binary '','2023-12-18 03:04:47.727000','2023-12-18 03:04:47.727000','Giày Thể Thao - Bóng Đá Nam Football Futsal DSMH11100 '),(454,765000,'https://res.cloudinary.com/dmvncmrci/image/upload/v1702843249/Product/-hunter-football-futsal-dsmh11100xdg-xanh-duong-b5noo-color-xanh-duong_cc28d598263b4fc498f1d427375438d0_wjcl4a.webp',8,49,_binary '','2023-12-18 03:04:47.734000','2023-12-18 03:04:47.734000','Giày Thể Thao - Bóng Đá Nam Football Futsal DSMH11100 '),(455,765000,'https://res.cloudinary.com/dmvncmrci/image/upload/v1702843249/Product/-hunter-football-futsal-dsmh11100xdg-xanh-duong-b5noo-color-xanh-duong_cc28d598263b4fc498f1d427375438d0_wjcl4a.webp',15,49,_binary '','2023-12-18 03:04:47.743000','2023-12-18 03:04:47.743000','Giày Thể Thao - Bóng Đá Nam Football Futsal DSMH11100 '),(456,765000,'https://res.cloudinary.com/dmvncmrci/image/upload/v1702843246/Product/am-hunter-football-futsal-dsmh11100xnh-xanh-nhot-21bjj-color-xanh-nhot_b0b5d16453d74e16b8a338f117124c78_kynghh.webp',12,49,_binary '','2023-12-18 03:04:47.796000','2023-12-18 03:04:47.796000','Giày Thể Thao - Bóng Đá Nam Football Futsal DSMH11100 '),(457,765000,'https://res.cloudinary.com/dmvncmrci/image/upload/v1702843246/Product/am-hunter-football-futsal-dsmh11100xnh-xanh-nhot-21bjj-color-xanh-nhot_b0b5d16453d74e16b8a338f117124c78_kynghh.webp',17,49,_binary '','2023-12-18 03:04:47.807000','2023-12-18 03:04:47.807000','Giày Thể Thao - Bóng Đá Nam Football Futsal DSMH11100 '),(458,765000,'https://res.cloudinary.com/dmvncmrci/image/upload/v1702843246/Product/am-hunter-football-futsal-dsmh11100xnh-xanh-nhot-21bjj-color-xanh-nhot_b0b5d16453d74e16b8a338f117124c78_kynghh.webp',28,49,_binary '','2023-12-18 03:04:47.817000','2023-12-18 03:04:47.817000','Giày Thể Thao - Bóng Đá Nam Football Futsal DSMH11100 '),(459,765000,'https://res.cloudinary.com/dmvncmrci/image/upload/v1702843246/Product/am-hunter-football-futsal-dsmh11100xnh-xanh-nhot-21bjj-color-xanh-nhot_b0b5d16453d74e16b8a338f117124c78_kynghh.webp',25,49,_binary '','2023-12-18 03:04:47.826000','2023-12-18 03:04:47.826000','Giày Thể Thao - Bóng Đá Nam Football Futsal DSMH11100 '),(460,765000,'https://res.cloudinary.com/dmvncmrci/image/upload/v1702843246/Product/am-hunter-football-futsal-dsmh11100xnh-xanh-nhot-21bjj-color-xanh-nhot_b0b5d16453d74e16b8a338f117124c78_kynghh.webp',25,49,_binary '','2023-12-18 03:04:47.832000','2023-12-18 03:04:47.832000','Giày Thể Thao - Bóng Đá Nam Football Futsal DSMH11100 '),(461,765000,'https://res.cloudinary.com/dmvncmrci/image/upload/v1702843246/Product/am-hunter-football-futsal-dsmh11100xnh-xanh-nhot-21bjj-color-xanh-nhot_b0b5d16453d74e16b8a338f117124c78_kynghh.webp',25,49,_binary '','2023-12-18 03:04:47.839000','2023-12-18 03:04:47.839000','Giày Thể Thao - Bóng Đá Nam Football Futsal DSMH11100 '),(462,765000,'https://res.cloudinary.com/dmvncmrci/image/upload/v1702843246/Product/am-hunter-football-futsal-dsmh11100xnh-xanh-nhot-21bjj-color-xanh-nhot_b0b5d16453d74e16b8a338f117124c78_kynghh.webp',27,49,_binary '','2023-12-18 03:04:47.845000','2023-12-18 03:04:47.845000','Giày Thể Thao - Bóng Đá Nam Football Futsal DSMH11100 '),(463,765000,'https://res.cloudinary.com/dmvncmrci/image/upload/v1702843246/Product/am-hunter-football-futsal-dsmh11100xnh-xanh-nhot-21bjj-color-xanh-nhot_b0b5d16453d74e16b8a338f117124c78_kynghh.webp',24,49,_binary '','2023-12-18 03:04:47.850000','2023-12-18 03:04:47.850000','Giày Thể Thao - Bóng Đá Nam Football Futsal DSMH11100 '),(464,765000,'https://res.cloudinary.com/dmvncmrci/image/upload/v1702843246/Product/am-hunter-football-futsal-dsmh11100xnh-xanh-nhot-21bjj-color-xanh-nhot_b0b5d16453d74e16b8a338f117124c78_kynghh.webp',8,49,_binary '','2023-12-18 03:04:47.857000','2023-12-18 03:04:47.857000','Giày Thể Thao - Bóng Đá Nam Football Futsal DSMH11100 '),(465,765000,'https://res.cloudinary.com/dmvncmrci/image/upload/v1702843246/Product/am-hunter-football-futsal-dsmh11100xnh-xanh-nhot-21bjj-color-xanh-nhot_b0b5d16453d74e16b8a338f117124c78_kynghh.webp',15,49,_binary '','2023-12-18 03:04:47.863000','2023-12-18 03:04:47.863000','Giày Thể Thao - Bóng Đá Nam Football Futsal DSMH11100 '),(466,755000,'https://res.cloudinary.com/dmvncmrci/image/upload/v1702843672/Product/ootball-gen-2k21-futsal-dsmh07300xmn-xanh-mi-no-8ib2g-color-xanh-mi-no_207537184ae746338937a4bd5ddc7b89_zbudgq.webp',12,50,_binary '','2023-12-18 03:09:10.625000','2023-12-18 03:09:10.625000','Giày Thể Thao - Bóng Đá Nam Football Gen 2K21 Futsal DSMH07300 '),(467,755000,'https://res.cloudinary.com/dmvncmrci/image/upload/v1702843672/Product/ootball-gen-2k21-futsal-dsmh07300xmn-xanh-mi-no-8ib2g-color-xanh-mi-no_207537184ae746338937a4bd5ddc7b89_zbudgq.webp',17,50,_binary '','2023-12-18 03:09:10.632000','2023-12-18 03:09:10.632000','Giày Thể Thao - Bóng Đá Nam Football Gen 2K21 Futsal DSMH07300 '),(468,755000,'https://res.cloudinary.com/dmvncmrci/image/upload/v1702843672/Product/ootball-gen-2k21-futsal-dsmh07300xmn-xanh-mi-no-8ib2g-color-xanh-mi-no_207537184ae746338937a4bd5ddc7b89_zbudgq.webp',28,50,_binary '','2023-12-18 03:09:10.639000','2023-12-18 03:09:10.639000','Giày Thể Thao - Bóng Đá Nam Football Gen 2K21 Futsal DSMH07300 '),(469,755000,'https://res.cloudinary.com/dmvncmrci/image/upload/v1702843672/Product/ootball-gen-2k21-futsal-dsmh07300xmn-xanh-mi-no-8ib2g-color-xanh-mi-no_207537184ae746338937a4bd5ddc7b89_zbudgq.webp',25,50,_binary '','2023-12-18 03:09:10.645000','2023-12-18 03:09:10.645000','Giày Thể Thao - Bóng Đá Nam Football Gen 2K21 Futsal DSMH07300 '),(470,755000,'https://res.cloudinary.com/dmvncmrci/image/upload/v1702843672/Product/ootball-gen-2k21-futsal-dsmh07300xmn-xanh-mi-no-8ib2g-color-xanh-mi-no_207537184ae746338937a4bd5ddc7b89_zbudgq.webp',12,50,_binary '','2023-12-18 03:09:10.655000','2023-12-18 03:09:10.655000','Giày Thể Thao - Bóng Đá Nam Football Gen 2K21 Futsal DSMH07300 '),(471,755000,'https://res.cloudinary.com/dmvncmrci/image/upload/v1702843672/Product/ootball-gen-2k21-futsal-dsmh07300xmn-xanh-mi-no-8ib2g-color-xanh-mi-no_207537184ae746338937a4bd5ddc7b89_zbudgq.webp',14,50,_binary '','2023-12-18 03:09:10.661000','2023-12-18 03:09:10.661000','Giày Thể Thao - Bóng Đá Nam Football Gen 2K21 Futsal DSMH07300 '),(472,755000,'https://res.cloudinary.com/dmvncmrci/image/upload/v1702843672/Product/ootball-gen-2k21-futsal-dsmh07300xmn-xanh-mi-no-8ib2g-color-xanh-mi-no_207537184ae746338937a4bd5ddc7b89_zbudgq.webp',24,50,_binary '','2023-12-18 03:09:10.670000','2023-12-18 03:09:10.670000','Giày Thể Thao - Bóng Đá Nam Football Gen 2K21 Futsal DSMH07300 '),(473,755000,'https://res.cloudinary.com/dmvncmrci/image/upload/v1702843672/Product/ootball-gen-2k21-futsal-dsmh07300xmn-xanh-mi-no-8ib2g-color-xanh-mi-no_207537184ae746338937a4bd5ddc7b89_zbudgq.webp',27,50,_binary '','2023-12-18 03:09:10.677000','2023-12-18 03:09:10.677000','Giày Thể Thao - Bóng Đá Nam Football Gen 2K21 Futsal DSMH07300 '),(474,755000,'https://res.cloudinary.com/dmvncmrci/image/upload/v1702843672/Product/ootball-gen-2k21-futsal-dsmh07300xmn-xanh-mi-no-8ib2g-color-xanh-mi-no_207537184ae746338937a4bd5ddc7b89_zbudgq.webp',23,50,_binary '','2023-12-18 03:09:10.685000','2023-12-18 03:09:10.685000','Giày Thể Thao - Bóng Đá Nam Football Gen 2K21 Futsal DSMH07300 '),(475,755000,'https://res.cloudinary.com/dmvncmrci/image/upload/v1702843672/Product/ootball-gen-2k21-futsal-dsmh07300xmn-xanh-mi-no-8ib2g-color-xanh-mi-no_207537184ae746338937a4bd5ddc7b89_zbudgq.webp',25,50,_binary '','2023-12-18 03:09:10.691000','2023-12-18 03:09:10.691000','Giày Thể Thao - Bóng Đá Nam Football Gen 2K21 Futsal DSMH07300 '),(476,755000,'https://res.cloudinary.com/dmvncmrci/image/upload/v1702843755/Product/iti-s-hunter-football-gen-2k21-futsal-dsmh07300cam-cam-5ogwv-color-cam_a3c92d9fe9fb479eb6b20c9f7f3ac938_jvup0n.webp',12,50,_binary '','2023-12-18 03:09:10.697000','2023-12-18 03:09:10.697000','Giày Thể Thao - Bóng Đá Nam Football Gen 2K21 Futsal DSMH07300 '),(477,755000,'https://res.cloudinary.com/dmvncmrci/image/upload/v1702843755/Product/iti-s-hunter-football-gen-2k21-futsal-dsmh07300cam-cam-5ogwv-color-cam_a3c92d9fe9fb479eb6b20c9f7f3ac938_jvup0n.webp',17,50,_binary '','2023-12-18 03:09:10.704000','2023-12-18 03:09:10.704000','Giày Thể Thao - Bóng Đá Nam Football Gen 2K21 Futsal DSMH07300 '),(478,755000,'https://res.cloudinary.com/dmvncmrci/image/upload/v1702843755/Product/iti-s-hunter-football-gen-2k21-futsal-dsmh07300cam-cam-5ogwv-color-cam_a3c92d9fe9fb479eb6b20c9f7f3ac938_jvup0n.webp',28,50,_binary '','2023-12-18 03:09:10.710000','2023-12-18 03:09:10.710000','Giày Thể Thao - Bóng Đá Nam Football Gen 2K21 Futsal DSMH07300 '),(479,755000,'https://res.cloudinary.com/dmvncmrci/image/upload/v1702843755/Product/iti-s-hunter-football-gen-2k21-futsal-dsmh07300cam-cam-5ogwv-color-cam_a3c92d9fe9fb479eb6b20c9f7f3ac938_jvup0n.webp',25,50,_binary '','2023-12-18 03:09:10.719000','2023-12-18 03:09:10.719000','Giày Thể Thao - Bóng Đá Nam Football Gen 2K21 Futsal DSMH07300 '),(480,755000,'https://res.cloudinary.com/dmvncmrci/image/upload/v1702843755/Product/iti-s-hunter-football-gen-2k21-futsal-dsmh07300cam-cam-5ogwv-color-cam_a3c92d9fe9fb479eb6b20c9f7f3ac938_jvup0n.webp',25,50,_binary '','2023-12-18 03:09:10.725000','2023-12-18 03:09:10.725000','Giày Thể Thao - Bóng Đá Nam Football Gen 2K21 Futsal DSMH07300 '),(481,755000,'https://res.cloudinary.com/dmvncmrci/image/upload/v1702843755/Product/iti-s-hunter-football-gen-2k21-futsal-dsmh07300cam-cam-5ogwv-color-cam_a3c92d9fe9fb479eb6b20c9f7f3ac938_jvup0n.webp',25,50,_binary '','2023-12-18 03:09:10.729000','2023-12-18 03:09:10.729000','Giày Thể Thao - Bóng Đá Nam Football Gen 2K21 Futsal DSMH07300 '),(482,755000,'https://res.cloudinary.com/dmvncmrci/image/upload/v1702843755/Product/iti-s-hunter-football-gen-2k21-futsal-dsmh07300cam-cam-5ogwv-color-cam_a3c92d9fe9fb479eb6b20c9f7f3ac938_jvup0n.webp',27,50,_binary '','2023-12-18 03:09:10.736000','2023-12-18 03:09:10.736000','Giày Thể Thao - Bóng Đá Nam Football Gen 2K21 Futsal DSMH07300 '),(483,755000,'https://res.cloudinary.com/dmvncmrci/image/upload/v1702843755/Product/iti-s-hunter-football-gen-2k21-futsal-dsmh07300cam-cam-5ogwv-color-cam_a3c92d9fe9fb479eb6b20c9f7f3ac938_jvup0n.webp',24,50,_binary '','2023-12-18 03:09:10.741000','2023-12-18 03:09:10.741000','Giày Thể Thao - Bóng Đá Nam Football Gen 2K21 Futsal DSMH07300 '),(484,755000,'https://res.cloudinary.com/dmvncmrci/image/upload/v1702843755/Product/iti-s-hunter-football-gen-2k21-futsal-dsmh07300cam-cam-5ogwv-color-cam_a3c92d9fe9fb479eb6b20c9f7f3ac938_jvup0n.webp',8,50,_binary '','2023-12-18 03:09:10.745000','2023-12-18 03:09:10.745000','Giày Thể Thao - Bóng Đá Nam Football Gen 2K21 Futsal DSMH07300 '),(485,755000,'https://res.cloudinary.com/dmvncmrci/image/upload/v1702843755/Product/iti-s-hunter-football-gen-2k21-futsal-dsmh07300cam-cam-5ogwv-color-cam_a3c92d9fe9fb479eb6b20c9f7f3ac938_jvup0n.webp',15,50,_binary '','2023-12-18 03:09:10.751000','2023-12-18 03:09:10.751000','Giày Thể Thao - Bóng Đá Nam Football Gen 2K21 Futsal DSMH07300 '),(486,755000,'https://res.cloudinary.com/dmvncmrci/image/upload/v1702843865/Product/-da-nam-biti-s-hunter-football-futsal-dsmh09100den-den-lziec-color-den_b2475aedadb74755b583d7ffa1dcf8ad_jese5t.webp',12,51,_binary '','2023-12-18 03:12:48.148000','2023-12-18 03:12:48.148000','Giày Thể Thao - Bóng Đá Nam Football Futsal DSMH09100 '),(487,755000,'https://res.cloudinary.com/dmvncmrci/image/upload/v1702843865/Product/-da-nam-biti-s-hunter-football-futsal-dsmh09100den-den-lziec-color-den_b2475aedadb74755b583d7ffa1dcf8ad_jese5t.webp',14,51,_binary '','2023-12-18 03:12:48.156000','2023-12-18 03:12:48.156000','Giày Thể Thao - Bóng Đá Nam Football Futsal DSMH09100 '),(488,755000,'https://res.cloudinary.com/dmvncmrci/image/upload/v1702843865/Product/-da-nam-biti-s-hunter-football-futsal-dsmh09100den-den-lziec-color-den_b2475aedadb74755b583d7ffa1dcf8ad_jese5t.webp',24,51,_binary '','2023-12-18 03:12:48.168000','2023-12-18 03:12:48.168000','Giày Thể Thao - Bóng Đá Nam Football Futsal DSMH09100 '),(489,755000,'https://res.cloudinary.com/dmvncmrci/image/upload/v1702843865/Product/-da-nam-biti-s-hunter-football-futsal-dsmh09100den-den-lziec-color-den_b2475aedadb74755b583d7ffa1dcf8ad_jese5t.webp',27,51,_binary '','2023-12-18 03:12:48.175000','2023-12-18 03:12:48.175000','Giày Thể Thao - Bóng Đá Nam Football Futsal DSMH09100 '),(490,755000,'https://res.cloudinary.com/dmvncmrci/image/upload/v1702843865/Product/-da-nam-biti-s-hunter-football-futsal-dsmh09100den-den-lziec-color-den_b2475aedadb74755b583d7ffa1dcf8ad_jese5t.webp',23,51,_binary '','2023-12-18 03:12:48.185000','2023-12-18 03:12:48.185000','Giày Thể Thao - Bóng Đá Nam Football Futsal DSMH09100 '),(491,755000,'https://res.cloudinary.com/dmvncmrci/image/upload/v1702843865/Product/-da-nam-biti-s-hunter-football-futsal-dsmh09100den-den-lziec-color-den_b2475aedadb74755b583d7ffa1dcf8ad_jese5t.webp',25,51,_binary '','2023-12-18 03:12:48.192000','2023-12-18 03:12:48.192000','Giày Thể Thao - Bóng Đá Nam Football Futsal DSMH09100 '),(492,755000,'https://res.cloudinary.com/dmvncmrci/image/upload/v1702843903/Product/-hunter-football-futsal-dsmh09100xdg-xanh-duong-4ca63-color-xanh-duong_9d38354b77754bb5a5729b77ff82df0a_eycniq.webp',25,51,_binary '','2023-12-18 03:12:48.201000','2023-12-18 03:12:48.201000','Giày Thể Thao - Bóng Đá Nam Football Futsal DSMH09100 '),(493,755000,'https://res.cloudinary.com/dmvncmrci/image/upload/v1702843903/Product/-hunter-football-futsal-dsmh09100xdg-xanh-duong-4ca63-color-xanh-duong_9d38354b77754bb5a5729b77ff82df0a_eycniq.webp',25,51,_binary '','2023-12-18 03:12:48.208000','2023-12-18 03:12:48.208000','Giày Thể Thao - Bóng Đá Nam Football Futsal DSMH09100 '),(494,755000,'https://res.cloudinary.com/dmvncmrci/image/upload/v1702843903/Product/-hunter-football-futsal-dsmh09100xdg-xanh-duong-4ca63-color-xanh-duong_9d38354b77754bb5a5729b77ff82df0a_eycniq.webp',27,51,_binary '','2023-12-18 03:12:48.217000','2023-12-18 03:12:48.217000','Giày Thể Thao - Bóng Đá Nam Football Futsal DSMH09100 '),(495,755000,'https://res.cloudinary.com/dmvncmrci/image/upload/v1702843903/Product/-hunter-football-futsal-dsmh09100xdg-xanh-duong-4ca63-color-xanh-duong_9d38354b77754bb5a5729b77ff82df0a_eycniq.webp',24,51,_binary '','2023-12-18 03:12:48.224000','2023-12-18 03:12:48.224000','Giày Thể Thao - Bóng Đá Nam Football Futsal DSMH09100 '),(496,755000,'https://res.cloudinary.com/dmvncmrci/image/upload/v1702843903/Product/-hunter-football-futsal-dsmh09100xdg-xanh-duong-4ca63-color-xanh-duong_9d38354b77754bb5a5729b77ff82df0a_eycniq.webp',8,51,_binary '','2023-12-18 03:12:48.233000','2023-12-18 03:12:48.233000','Giày Thể Thao - Bóng Đá Nam Football Futsal DSMH09100 '),(497,755000,'https://res.cloudinary.com/dmvncmrci/image/upload/v1702843903/Product/-hunter-football-futsal-dsmh09100xdg-xanh-duong-4ca63-color-xanh-duong_9d38354b77754bb5a5729b77ff82df0a_eycniq.webp',15,51,_binary '','2023-12-18 03:12:48.242000','2023-12-18 03:12:48.242000','Giày Thể Thao - Bóng Đá Nam Football Futsal DSMH09100 '),(498,716000,'https://res.cloudinary.com/dmvncmrci/image/upload/v1702844070/Product/ay-bong-da-nam-biti-s-hunter-football-dsmh03801cam-cam-utwz6-color-cam_75520e4eebbe49948272efdd910ad298_erc5vy.webp',12,52,_binary '','2023-12-18 03:16:21.540000','2023-12-18 03:16:21.540000','Giày Thể Thao - Bóng Đá Nam Football DSMH03801 '),(499,716000,'https://res.cloudinary.com/dmvncmrci/image/upload/v1702844070/Product/ay-bong-da-nam-biti-s-hunter-football-dsmh03801cam-cam-utwz6-color-cam_75520e4eebbe49948272efdd910ad298_erc5vy.webp',17,52,_binary '','2023-12-18 03:16:21.548000','2023-12-18 03:16:21.548000','Giày Thể Thao - Bóng Đá Nam Football DSMH03801 '),(500,716000,'https://res.cloudinary.com/dmvncmrci/image/upload/v1702844070/Product/ay-bong-da-nam-biti-s-hunter-football-dsmh03801cam-cam-utwz6-color-cam_75520e4eebbe49948272efdd910ad298_erc5vy.webp',28,52,_binary '','2023-12-18 03:16:21.553000','2023-12-18 03:16:21.553000','Giày Thể Thao - Bóng Đá Nam Football DSMH03801 '),(501,716000,'https://res.cloudinary.com/dmvncmrci/image/upload/v1702844070/Product/ay-bong-da-nam-biti-s-hunter-football-dsmh03801cam-cam-utwz6-color-cam_75520e4eebbe49948272efdd910ad298_erc5vy.webp',25,52,_binary '','2023-12-18 03:16:21.557000','2023-12-18 03:16:21.557000','Giày Thể Thao - Bóng Đá Nam Football DSMH03801 '),(502,716000,'https://res.cloudinary.com/dmvncmrci/image/upload/v1702844070/Product/ay-bong-da-nam-biti-s-hunter-football-dsmh03801cam-cam-utwz6-color-cam_75520e4eebbe49948272efdd910ad298_erc5vy.webp',23,52,_binary '','2023-12-18 03:16:21.566000','2023-12-18 03:16:21.566000','Giày Thể Thao - Bóng Đá Nam Football DSMH03801 '),(503,716000,'https://res.cloudinary.com/dmvncmrci/image/upload/v1702844070/Product/ay-bong-da-nam-biti-s-hunter-football-dsmh03801cam-cam-utwz6-color-cam_75520e4eebbe49948272efdd910ad298_erc5vy.webp',20,52,_binary '','2023-12-18 03:16:21.574000','2023-12-18 03:16:21.574000','Giày Thể Thao - Bóng Đá Nam Football DSMH03801 '),(504,716000,'https://res.cloudinary.com/dmvncmrci/image/upload/v1702844070/Product/ay-bong-da-nam-biti-s-hunter-football-dsmh03801cam-cam-utwz6-color-cam_75520e4eebbe49948272efdd910ad298_erc5vy.webp',15,52,_binary '','2023-12-18 03:16:21.580000','2023-12-18 03:16:21.580000','Giày Thể Thao - Bóng Đá Nam Football DSMH03801 '),(505,716000,'https://res.cloudinary.com/dmvncmrci/image/upload/v1702844070/Product/ay-bong-da-nam-biti-s-hunter-football-dsmh03801cam-cam-utwz6-color-cam_75520e4eebbe49948272efdd910ad298_erc5vy.webp',15,52,_binary '','2023-12-18 03:16:21.583000','2023-12-18 03:16:21.583000','Giày Thể Thao - Bóng Đá Nam Football DSMH03801 '),(506,716000,'https://res.cloudinary.com/dmvncmrci/image/upload/v1702844070/Product/ay-bong-da-nam-biti-s-hunter-football-dsmh03801cam-cam-utwz6-color-cam_75520e4eebbe49948272efdd910ad298_erc5vy.webp',20,52,_binary '','2023-12-18 03:16:21.587000','2023-12-18 03:16:21.587000','Giày Thể Thao - Bóng Đá Nam Football DSMH03801 '),(507,716000,'https://res.cloudinary.com/dmvncmrci/image/upload/v1702844070/Product/ay-bong-da-nam-biti-s-hunter-football-dsmh03801cam-cam-utwz6-color-cam_75520e4eebbe49948272efdd910ad298_erc5vy.webp',10,52,_binary '','2023-12-18 03:16:21.591000','2023-12-18 03:16:21.591000','Giày Thể Thao - Bóng Đá Nam Football DSMH03801 '),(508,716000,'https://res.cloudinary.com/dmvncmrci/image/upload/v1702844140/Product/-biti-s-hunter-football-dsmh03801xmn-xanh-mi-no-g9vlo-color-xanh-mi-no_c0900074331e4e6e8c488d6c26c626c5_bwfzio.webp',12,52,_binary '','2023-12-18 03:16:21.598000','2023-12-18 03:16:21.598000','Giày Thể Thao - Bóng Đá Nam Football DSMH03801 '),(509,716000,'https://res.cloudinary.com/dmvncmrci/image/upload/v1702844140/Product/-biti-s-hunter-football-dsmh03801xmn-xanh-mi-no-g9vlo-color-xanh-mi-no_c0900074331e4e6e8c488d6c26c626c5_bwfzio.webp',17,52,_binary '','2023-12-18 03:16:21.604000','2023-12-18 03:16:21.604000','Giày Thể Thao - Bóng Đá Nam Football DSMH03801 '),(510,716000,'https://res.cloudinary.com/dmvncmrci/image/upload/v1702844140/Product/-biti-s-hunter-football-dsmh03801xmn-xanh-mi-no-g9vlo-color-xanh-mi-no_c0900074331e4e6e8c488d6c26c626c5_bwfzio.webp',28,52,_binary '','2023-12-18 03:16:21.611000','2023-12-18 03:16:21.611000','Giày Thể Thao - Bóng Đá Nam Football DSMH03801 '),(511,716000,'https://res.cloudinary.com/dmvncmrci/image/upload/v1702844140/Product/-biti-s-hunter-football-dsmh03801xmn-xanh-mi-no-g9vlo-color-xanh-mi-no_c0900074331e4e6e8c488d6c26c626c5_bwfzio.webp',25,52,_binary '','2023-12-18 03:16:21.617000','2023-12-18 03:16:21.617000','Giày Thể Thao - Bóng Đá Nam Football DSMH03801 '),(512,716000,'https://res.cloudinary.com/dmvncmrci/image/upload/v1702844140/Product/-biti-s-hunter-football-dsmh03801xmn-xanh-mi-no-g9vlo-color-xanh-mi-no_c0900074331e4e6e8c488d6c26c626c5_bwfzio.webp',12,52,_binary '','2023-12-18 03:16:21.622000','2023-12-18 03:16:21.622000','Giày Thể Thao - Bóng Đá Nam Football DSMH03801 '),(513,716000,'https://res.cloudinary.com/dmvncmrci/image/upload/v1702844140/Product/-biti-s-hunter-football-dsmh03801xmn-xanh-mi-no-g9vlo-color-xanh-mi-no_c0900074331e4e6e8c488d6c26c626c5_bwfzio.webp',14,52,_binary '','2023-12-18 03:16:21.629000','2023-12-18 03:16:21.629000','Giày Thể Thao - Bóng Đá Nam Football DSMH03801 '),(514,716000,'https://res.cloudinary.com/dmvncmrci/image/upload/v1702844140/Product/-biti-s-hunter-football-dsmh03801xmn-xanh-mi-no-g9vlo-color-xanh-mi-no_c0900074331e4e6e8c488d6c26c626c5_bwfzio.webp',24,52,_binary '','2023-12-18 03:16:21.636000','2023-12-18 03:16:21.636000','Giày Thể Thao - Bóng Đá Nam Football DSMH03801 '),(515,716000,'https://res.cloudinary.com/dmvncmrci/image/upload/v1702844140/Product/-biti-s-hunter-football-dsmh03801xmn-xanh-mi-no-g9vlo-color-xanh-mi-no_c0900074331e4e6e8c488d6c26c626c5_bwfzio.webp',27,52,_binary '','2023-12-18 03:16:21.640000','2023-12-18 03:16:21.640000','Giày Thể Thao - Bóng Đá Nam Football DSMH03801 '),(516,716000,'https://res.cloudinary.com/dmvncmrci/image/upload/v1702844140/Product/-biti-s-hunter-football-dsmh03801xmn-xanh-mi-no-g9vlo-color-xanh-mi-no_c0900074331e4e6e8c488d6c26c626c5_bwfzio.webp',23,52,_binary '','2023-12-18 03:16:21.647000','2023-12-18 03:16:21.647000','Giày Thể Thao - Bóng Đá Nam Football DSMH03801 '),(517,716000,'https://res.cloudinary.com/dmvncmrci/image/upload/v1702844140/Product/-biti-s-hunter-football-dsmh03801xmn-xanh-mi-no-g9vlo-color-xanh-mi-no_c0900074331e4e6e8c488d6c26c626c5_bwfzio.webp',25,52,_binary '','2023-12-18 03:16:21.653000','2023-12-18 03:16:21.653000','Giày Thể Thao - Bóng Đá Nam Football DSMH03801 '),(518,716000,'https://res.cloudinary.com/dmvncmrci/image/upload/v1702844324/Product/ay-bong-da-nam-biti-s-hunter-football-dsmh09600cam-cam-8sb58-color-cam_2276ea9bb15c43129a198cbfa46a6901_retwy3.webp',12,53,_binary '','2023-12-18 03:20:20.787000','2023-12-18 03:20:20.787000','Giày Thể Thao - Bóng Đá Nam Football DSMH09600 '),(519,716000,'https://res.cloudinary.com/dmvncmrci/image/upload/v1702844324/Product/ay-bong-da-nam-biti-s-hunter-football-dsmh09600cam-cam-8sb58-color-cam_2276ea9bb15c43129a198cbfa46a6901_retwy3.webp',17,53,_binary '','2023-12-18 03:20:20.793000','2023-12-18 03:20:20.793000','Giày Thể Thao - Bóng Đá Nam Football DSMH09600 '),(520,716000,'https://res.cloudinary.com/dmvncmrci/image/upload/v1702844324/Product/ay-bong-da-nam-biti-s-hunter-football-dsmh09600cam-cam-8sb58-color-cam_2276ea9bb15c43129a198cbfa46a6901_retwy3.webp',28,53,_binary '','2023-12-18 03:20:20.797000','2023-12-18 03:20:20.797000','Giày Thể Thao - Bóng Đá Nam Football DSMH09600 '),(521,716000,'https://res.cloudinary.com/dmvncmrci/image/upload/v1702844324/Product/ay-bong-da-nam-biti-s-hunter-football-dsmh09600cam-cam-8sb58-color-cam_2276ea9bb15c43129a198cbfa46a6901_retwy3.webp',25,53,_binary '','2023-12-18 03:20:20.801000','2023-12-18 03:20:20.801000','Giày Thể Thao - Bóng Đá Nam Football DSMH09600 '),(522,716000,'https://res.cloudinary.com/dmvncmrci/image/upload/v1702844324/Product/ay-bong-da-nam-biti-s-hunter-football-dsmh09600cam-cam-8sb58-color-cam_2276ea9bb15c43129a198cbfa46a6901_retwy3.webp',23,53,_binary '','2023-12-18 03:20:20.807000','2023-12-18 03:20:20.807000','Giày Thể Thao - Bóng Đá Nam Football DSMH09600 '),(523,716000,'https://res.cloudinary.com/dmvncmrci/image/upload/v1702844324/Product/ay-bong-da-nam-biti-s-hunter-football-dsmh09600cam-cam-8sb58-color-cam_2276ea9bb15c43129a198cbfa46a6901_retwy3.webp',20,53,_binary '','2023-12-18 03:20:20.811000','2023-12-18 03:20:20.811000','Giày Thể Thao - Bóng Đá Nam Football DSMH09600 '),(524,716000,'https://res.cloudinary.com/dmvncmrci/image/upload/v1702844324/Product/ay-bong-da-nam-biti-s-hunter-football-dsmh09600cam-cam-8sb58-color-cam_2276ea9bb15c43129a198cbfa46a6901_retwy3.webp',15,53,_binary '','2023-12-18 03:20:20.816000','2023-12-18 03:20:20.816000','Giày Thể Thao - Bóng Đá Nam Football DSMH09600 '),(525,716000,'https://res.cloudinary.com/dmvncmrci/image/upload/v1702844324/Product/ay-bong-da-nam-biti-s-hunter-football-dsmh09600cam-cam-8sb58-color-cam_2276ea9bb15c43129a198cbfa46a6901_retwy3.webp',15,53,_binary '','2023-12-18 03:20:20.823000','2023-12-18 03:20:20.823000','Giày Thể Thao - Bóng Đá Nam Football DSMH09600 '),(526,716000,'https://res.cloudinary.com/dmvncmrci/image/upload/v1702844324/Product/ay-bong-da-nam-biti-s-hunter-football-dsmh09600cam-cam-8sb58-color-cam_2276ea9bb15c43129a198cbfa46a6901_retwy3.webp',20,53,_binary '','2023-12-18 03:20:20.830000','2023-12-18 03:20:20.830000','Giày Thể Thao - Bóng Đá Nam Football DSMH09600 '),(527,716000,'https://res.cloudinary.com/dmvncmrci/image/upload/v1702844324/Product/ay-bong-da-nam-biti-s-hunter-football-dsmh09600cam-cam-8sb58-color-cam_2276ea9bb15c43129a198cbfa46a6901_retwy3.webp',10,53,_binary '','2023-12-18 03:20:20.834000','2023-12-18 03:20:20.834000','Giày Thể Thao - Bóng Đá Nam Football DSMH09600 '),(528,716000,'https://res.cloudinary.com/dmvncmrci/image/upload/v1702844328/Product/giay-bong-da-nam-biti-s-hunter-football-dsmh09600doo-do-fmhnr-color-do_f3494def6fc74409b16b5ca33f8e7a9a_a4yyqo.webp',12,53,_binary '','2023-12-18 03:20:20.840000','2023-12-18 03:20:20.840000','Giày Thể Thao - Bóng Đá Nam Football DSMH09600 '),(529,716000,'https://res.cloudinary.com/dmvncmrci/image/upload/v1702844328/Product/giay-bong-da-nam-biti-s-hunter-football-dsmh09600doo-do-fmhnr-color-do_f3494def6fc74409b16b5ca33f8e7a9a_a4yyqo.webp',17,53,_binary '','2023-12-18 03:20:20.846000','2023-12-18 03:20:20.846000','Giày Thể Thao - Bóng Đá Nam Football DSMH09600 '),(530,716000,'https://res.cloudinary.com/dmvncmrci/image/upload/v1702844328/Product/giay-bong-da-nam-biti-s-hunter-football-dsmh09600doo-do-fmhnr-color-do_f3494def6fc74409b16b5ca33f8e7a9a_a4yyqo.webp',28,53,_binary '','2023-12-18 03:20:20.850000','2023-12-18 03:20:20.850000','Giày Thể Thao - Bóng Đá Nam Football DSMH09600 '),(531,716000,'https://res.cloudinary.com/dmvncmrci/image/upload/v1702844328/Product/giay-bong-da-nam-biti-s-hunter-football-dsmh09600doo-do-fmhnr-color-do_f3494def6fc74409b16b5ca33f8e7a9a_a4yyqo.webp',25,53,_binary '','2023-12-18 03:20:20.855000','2023-12-18 03:20:20.855000','Giày Thể Thao - Bóng Đá Nam Football DSMH09600 '),(532,716000,'https://res.cloudinary.com/dmvncmrci/image/upload/v1702844328/Product/giay-bong-da-nam-biti-s-hunter-football-dsmh09600doo-do-fmhnr-color-do_f3494def6fc74409b16b5ca33f8e7a9a_a4yyqo.webp',12,53,_binary '','2023-12-18 03:20:20.862000','2023-12-18 03:20:20.862000','Giày Thể Thao - Bóng Đá Nam Football DSMH09600 '),(533,716000,'https://res.cloudinary.com/dmvncmrci/image/upload/v1702844328/Product/giay-bong-da-nam-biti-s-hunter-football-dsmh09600doo-do-fmhnr-color-do_f3494def6fc74409b16b5ca33f8e7a9a_a4yyqo.webp',14,53,_binary '','2023-12-18 03:20:20.866000','2023-12-18 03:20:20.866000','Giày Thể Thao - Bóng Đá Nam Football DSMH09600 '),(534,716000,'https://res.cloudinary.com/dmvncmrci/image/upload/v1702844328/Product/giay-bong-da-nam-biti-s-hunter-football-dsmh09600doo-do-fmhnr-color-do_f3494def6fc74409b16b5ca33f8e7a9a_a4yyqo.webp',24,53,_binary '','2023-12-18 03:20:20.870000','2023-12-18 03:20:20.870000','Giày Thể Thao - Bóng Đá Nam Football DSMH09600 '),(535,716000,'https://res.cloudinary.com/dmvncmrci/image/upload/v1702844328/Product/giay-bong-da-nam-biti-s-hunter-football-dsmh09600doo-do-fmhnr-color-do_f3494def6fc74409b16b5ca33f8e7a9a_a4yyqo.webp',27,53,_binary '','2023-12-18 03:20:20.877000','2023-12-18 03:20:20.877000','Giày Thể Thao - Bóng Đá Nam Football DSMH09600 '),(536,716000,'https://res.cloudinary.com/dmvncmrci/image/upload/v1702844328/Product/giay-bong-da-nam-biti-s-hunter-football-dsmh09600doo-do-fmhnr-color-do_f3494def6fc74409b16b5ca33f8e7a9a_a4yyqo.webp',23,53,_binary '','2023-12-18 03:20:20.881000','2023-12-18 03:20:20.881000','Giày Thể Thao - Bóng Đá Nam Football DSMH09600 '),(537,716000,'https://res.cloudinary.com/dmvncmrci/image/upload/v1702844328/Product/giay-bong-da-nam-biti-s-hunter-football-dsmh09600doo-do-fmhnr-color-do_f3494def6fc74409b16b5ca33f8e7a9a_a4yyqo.webp',25,53,_binary '','2023-12-18 03:20:20.884000','2023-12-18 03:20:20.884000','Giày Thể Thao - Bóng Đá Nam Football DSMH09600 '),(538,716000,'https://res.cloudinary.com/dmvncmrci/image/upload/v1702844335/Product/-biti-s-hunter-football-dsmh09600xdg-xanh-duong-6srol-color-xanh-duong_0adc6fcd3e0242e69d163864d6f80e5c_osw06y.webp',12,53,_binary '','2023-12-18 03:20:20.890000','2023-12-18 03:20:20.890000','Giày Thể Thao - Bóng Đá Nam Football DSMH09600 '),(539,716000,'https://res.cloudinary.com/dmvncmrci/image/upload/v1702844335/Product/-biti-s-hunter-football-dsmh09600xdg-xanh-duong-6srol-color-xanh-duong_0adc6fcd3e0242e69d163864d6f80e5c_osw06y.webp',17,53,_binary '','2023-12-18 03:20:20.895000','2023-12-18 03:20:20.895000','Giày Thể Thao - Bóng Đá Nam Football DSMH09600 '),(540,716000,'https://res.cloudinary.com/dmvncmrci/image/upload/v1702844335/Product/-biti-s-hunter-football-dsmh09600xdg-xanh-duong-6srol-color-xanh-duong_0adc6fcd3e0242e69d163864d6f80e5c_osw06y.webp',28,53,_binary '','2023-12-18 03:20:20.899000','2023-12-18 03:20:20.899000','Giày Thể Thao - Bóng Đá Nam Football DSMH09600 '),(541,716000,'https://res.cloudinary.com/dmvncmrci/image/upload/v1702844335/Product/-biti-s-hunter-football-dsmh09600xdg-xanh-duong-6srol-color-xanh-duong_0adc6fcd3e0242e69d163864d6f80e5c_osw06y.webp',25,53,_binary '','2023-12-18 03:20:20.902000','2023-12-18 03:20:20.902000','Giày Thể Thao - Bóng Đá Nam Football DSMH09600 '),(542,716000,'https://res.cloudinary.com/dmvncmrci/image/upload/v1702844335/Product/-biti-s-hunter-football-dsmh09600xdg-xanh-duong-6srol-color-xanh-duong_0adc6fcd3e0242e69d163864d6f80e5c_osw06y.webp',12,53,_binary '','2023-12-18 03:20:20.907000','2023-12-18 03:20:20.907000','Giày Thể Thao - Bóng Đá Nam Football DSMH09600 '),(543,716000,'https://res.cloudinary.com/dmvncmrci/image/upload/v1702844335/Product/-biti-s-hunter-football-dsmh09600xdg-xanh-duong-6srol-color-xanh-duong_0adc6fcd3e0242e69d163864d6f80e5c_osw06y.webp',14,53,_binary '','2023-12-18 03:20:20.911000','2023-12-18 03:20:20.911000','Giày Thể Thao - Bóng Đá Nam Football DSMH09600 '),(544,716000,'https://res.cloudinary.com/dmvncmrci/image/upload/v1702844335/Product/-biti-s-hunter-football-dsmh09600xdg-xanh-duong-6srol-color-xanh-duong_0adc6fcd3e0242e69d163864d6f80e5c_osw06y.webp',24,53,_binary '','2023-12-18 03:20:20.915000','2023-12-18 03:20:20.915000','Giày Thể Thao - Bóng Đá Nam Football DSMH09600 '),(545,716000,'https://res.cloudinary.com/dmvncmrci/image/upload/v1702844335/Product/-biti-s-hunter-football-dsmh09600xdg-xanh-duong-6srol-color-xanh-duong_0adc6fcd3e0242e69d163864d6f80e5c_osw06y.webp',27,53,_binary '','2023-12-18 03:20:20.917000','2023-12-18 03:20:20.917000','Giày Thể Thao - Bóng Đá Nam Football DSMH09600 '),(546,716000,'https://res.cloudinary.com/dmvncmrci/image/upload/v1702844335/Product/-biti-s-hunter-football-dsmh09600xdg-xanh-duong-6srol-color-xanh-duong_0adc6fcd3e0242e69d163864d6f80e5c_osw06y.webp',23,53,_binary '','2023-12-18 03:20:20.921000','2023-12-18 03:20:20.921000','Giày Thể Thao - Bóng Đá Nam Football DSMH09600 '),(547,716000,'https://res.cloudinary.com/dmvncmrci/image/upload/v1702844335/Product/-biti-s-hunter-football-dsmh09600xdg-xanh-duong-6srol-color-xanh-duong_0adc6fcd3e0242e69d163864d6f80e5c_osw06y.webp',25,53,_binary '','2023-12-18 03:20:20.926000','2023-12-18 03:20:20.926000','Giày Thể Thao - Bóng Đá Nam Football DSMH09600 '),(548,731000,'https://res.cloudinary.com/dmvncmrci/image/upload/v1702844963/Product/hsm004700nau1_7895b4a780aa46d8a417f329bae3a8e2_pdm7ae.webp',23,54,_binary '','2023-12-18 03:32:27.020000','2023-12-18 03:32:27.020000','Giày Thể Thao Nam STREET FESTIVE: FERIA COLLECTION HSM004700 '),(549,731000,'https://res.cloudinary.com/dmvncmrci/image/upload/v1702844963/Product/hsm004700nau1_7895b4a780aa46d8a417f329bae3a8e2_pdm7ae.webp',20,54,_binary '','2023-12-18 03:32:27.028000','2023-12-18 03:32:27.028000','Giày Thể Thao Nam STREET FESTIVE: FERIA COLLECTION HSM004700 '),(550,731000,'https://res.cloudinary.com/dmvncmrci/image/upload/v1702844963/Product/hsm004700nau1_7895b4a780aa46d8a417f329bae3a8e2_pdm7ae.webp',15,54,_binary '','2023-12-18 03:32:27.032000','2023-12-18 03:32:27.032000','Giày Thể Thao Nam STREET FESTIVE: FERIA COLLECTION HSM004700 '),(551,731000,'https://res.cloudinary.com/dmvncmrci/image/upload/v1702844963/Product/hsm004700nau1_7895b4a780aa46d8a417f329bae3a8e2_pdm7ae.webp',15,54,_binary '','2023-12-18 03:32:27.036000','2023-12-18 03:32:27.036000','Giày Thể Thao Nam STREET FESTIVE: FERIA COLLECTION HSM004700 '),(552,731000,'https://res.cloudinary.com/dmvncmrci/image/upload/v1702844963/Product/hsm004700nau1_7895b4a780aa46d8a417f329bae3a8e2_pdm7ae.webp',20,54,_binary '','2023-12-18 03:32:27.039000','2023-12-18 03:32:27.039000','Giày Thể Thao Nam STREET FESTIVE: FERIA COLLECTION HSM004700 '),(553,731000,'https://res.cloudinary.com/dmvncmrci/image/upload/v1702844963/Product/hsm004700nau1_7895b4a780aa46d8a417f329bae3a8e2_pdm7ae.webp',10,54,_binary '','2023-12-18 03:32:27.041000','2023-12-18 03:32:27.041000','Giày Thể Thao Nam STREET FESTIVE: FERIA COLLECTION HSM004700 '),(554,731000,'https://res.cloudinary.com/dmvncmrci/image/upload/v1702844963/Product/hsm004700nau1_7895b4a780aa46d8a417f329bae3a8e2_pdm7ae.webp',10,54,_binary '','2023-12-18 03:32:27.046000','2023-12-18 03:32:27.046000','Giày Thể Thao Nam STREET FESTIVE: FERIA COLLECTION HSM004700 '),(555,731000,'https://res.cloudinary.com/dmvncmrci/image/upload/v1702844973/Product/hsm004700xnh1_dd20d3f48ff348fbb87d1666379280c6_anfwmw.webp',12,54,_binary '','2023-12-18 03:32:27.050000','2023-12-18 03:32:27.050000','Giày Thể Thao Nam STREET FESTIVE: FERIA COLLECTION HSM004700 '),(556,731000,'https://res.cloudinary.com/dmvncmrci/image/upload/v1702844973/Product/hsm004700xnh1_dd20d3f48ff348fbb87d1666379280c6_anfwmw.webp',14,54,_binary '','2023-12-18 03:32:27.056000','2023-12-18 03:32:27.056000','Giày Thể Thao Nam STREET FESTIVE: FERIA COLLECTION HSM004700 '),(557,731000,'https://res.cloudinary.com/dmvncmrci/image/upload/v1702844973/Product/hsm004700xnh1_dd20d3f48ff348fbb87d1666379280c6_anfwmw.webp',24,54,_binary '','2023-12-18 03:32:27.063000','2023-12-18 03:32:27.063000','Giày Thể Thao Nam STREET FESTIVE: FERIA COLLECTION HSM004700 '),(558,731000,'https://res.cloudinary.com/dmvncmrci/image/upload/v1702844973/Product/hsm004700xnh1_dd20d3f48ff348fbb87d1666379280c6_anfwmw.webp',27,54,_binary '','2023-12-18 03:32:27.068000','2023-12-18 03:32:27.068000','Giày Thể Thao Nam STREET FESTIVE: FERIA COLLECTION HSM004700 '),(559,731000,'https://res.cloudinary.com/dmvncmrci/image/upload/v1702844973/Product/hsm004700xnh1_dd20d3f48ff348fbb87d1666379280c6_anfwmw.webp',23,54,_binary '','2023-12-18 03:32:27.073000','2023-12-18 03:32:27.073000','Giày Thể Thao Nam STREET FESTIVE: FERIA COLLECTION HSM004700 '),(560,731000,'https://res.cloudinary.com/dmvncmrci/image/upload/v1702844973/Product/hsm004700xnh1_dd20d3f48ff348fbb87d1666379280c6_anfwmw.webp',25,54,_binary '','2023-12-18 03:32:27.078000','2023-12-18 03:32:27.078000','Giày Thể Thao Nam STREET FESTIVE: FERIA COLLECTION HSM004700 '),(561,731000,'https://res.cloudinary.com/dmvncmrci/image/upload/v1702844973/Product/hsm004700xnh1_dd20d3f48ff348fbb87d1666379280c6_anfwmw.webp',25,54,_binary '','2023-12-18 03:32:27.084000','2023-12-18 03:32:27.084000','Giày Thể Thao Nam STREET FESTIVE: FERIA COLLECTION HSM004700 '),(562,731000,'https://res.cloudinary.com/dmvncmrci/image/upload/v1702845276/Product/hsm005400cam1_16acaa1c175842b79d6a789c42467b38_avihg0.webp',23,55,_binary '','2023-12-18 03:36:34.773000','2023-12-18 03:36:34.773000','Giày Thể Thao Nam CORE FESTIVE: DUSK COLLECTION HSM005400 '),(563,731000,'https://res.cloudinary.com/dmvncmrci/image/upload/v1702845276/Product/hsm005400cam1_16acaa1c175842b79d6a789c42467b38_avihg0.webp',20,55,_binary '','2023-12-18 03:36:34.778000','2023-12-18 03:36:34.778000','Giày Thể Thao Nam CORE FESTIVE: DUSK COLLECTION HSM005400 '),(564,731000,'https://res.cloudinary.com/dmvncmrci/image/upload/v1702845276/Product/hsm005400cam1_16acaa1c175842b79d6a789c42467b38_avihg0.webp',15,55,_binary '','2023-12-18 03:36:34.783000','2023-12-18 03:36:34.783000','Giày Thể Thao Nam CORE FESTIVE: DUSK COLLECTION HSM005400 '),(565,731000,'https://res.cloudinary.com/dmvncmrci/image/upload/v1702845276/Product/hsm005400cam1_16acaa1c175842b79d6a789c42467b38_avihg0.webp',15,55,_binary '','2023-12-18 03:36:34.786000','2023-12-18 03:36:34.786000','Giày Thể Thao Nam CORE FESTIVE: DUSK COLLECTION HSM005400 '),(566,731000,'https://res.cloudinary.com/dmvncmrci/image/upload/v1702845276/Product/hsm005400cam1_16acaa1c175842b79d6a789c42467b38_avihg0.webp',20,55,_binary '','2023-12-18 03:36:34.789000','2023-12-18 03:36:34.789000','Giày Thể Thao Nam CORE FESTIVE: DUSK COLLECTION HSM005400 '),(567,731000,'https://res.cloudinary.com/dmvncmrci/image/upload/v1702845276/Product/hsm005400cam1_16acaa1c175842b79d6a789c42467b38_avihg0.webp',10,55,_binary '','2023-12-18 03:36:34.794000','2023-12-18 03:36:34.794000','Giày Thể Thao Nam CORE FESTIVE: DUSK COLLECTION HSM005400 '),(568,731000,'https://res.cloudinary.com/dmvncmrci/image/upload/v1702845276/Product/hsm005400cam1_16acaa1c175842b79d6a789c42467b38_avihg0.webp',10,55,_binary '','2023-12-18 03:36:34.798000','2023-12-18 03:36:34.798000','Giày Thể Thao Nam CORE FESTIVE: DUSK COLLECTION HSM005400 '),(569,731000,'https://res.cloudinary.com/dmvncmrci/image/upload/v1702845306/Product/hsm005400den1_bb2094ebb0ee462eb85910b63c5678ef_kflbco.webp',12,55,_binary '','2023-12-18 03:36:34.802000','2023-12-18 03:36:34.802000','Giày Thể Thao Nam CORE FESTIVE: DUSK COLLECTION HSM005400 '),(570,731000,'https://res.cloudinary.com/dmvncmrci/image/upload/v1702845306/Product/hsm005400den1_bb2094ebb0ee462eb85910b63c5678ef_kflbco.webp',14,55,_binary '','2023-12-18 03:36:34.806000','2023-12-18 03:36:34.806000','Giày Thể Thao Nam CORE FESTIVE: DUSK COLLECTION HSM005400 '),(571,731000,'https://res.cloudinary.com/dmvncmrci/image/upload/v1702845306/Product/hsm005400den1_bb2094ebb0ee462eb85910b63c5678ef_kflbco.webp',24,55,_binary '','2023-12-18 03:36:34.811000','2023-12-18 03:36:34.811000','Giày Thể Thao Nam CORE FESTIVE: DUSK COLLECTION HSM005400 '),(572,731000,'https://res.cloudinary.com/dmvncmrci/image/upload/v1702845306/Product/hsm005400den1_bb2094ebb0ee462eb85910b63c5678ef_kflbco.webp',27,55,_binary '','2023-12-18 03:36:34.816000','2023-12-18 03:36:34.816000','Giày Thể Thao Nam CORE FESTIVE: DUSK COLLECTION HSM005400 '),(573,731000,'https://res.cloudinary.com/dmvncmrci/image/upload/v1702845306/Product/hsm005400den1_bb2094ebb0ee462eb85910b63c5678ef_kflbco.webp',23,55,_binary '','2023-12-18 03:36:34.819000','2023-12-18 03:36:34.819000','Giày Thể Thao Nam CORE FESTIVE: DUSK COLLECTION HSM005400 '),(574,731000,'https://res.cloudinary.com/dmvncmrci/image/upload/v1702845306/Product/hsm005400den1_bb2094ebb0ee462eb85910b63c5678ef_kflbco.webp',25,55,_binary '','2023-12-18 03:36:34.822000','2023-12-18 03:36:34.822000','Giày Thể Thao Nam CORE FESTIVE: DUSK COLLECTION HSM005400 '),(575,731000,'https://res.cloudinary.com/dmvncmrci/image/upload/v1702845306/Product/hsm005400den1_bb2094ebb0ee462eb85910b63c5678ef_kflbco.webp',25,55,_binary '','2023-12-18 03:36:34.827000','2023-12-18 03:36:34.827000','Giày Thể Thao Nam CORE FESTIVE: DUSK COLLECTION HSM005400 '),(576,731000,'https://res.cloudinary.com/dmvncmrci/image/upload/v1702845384/Product/hsm005400xam1_482d9a1ccf3c46698c6c10c273d1c2a4_nwpusc.webp',12,55,_binary '','2023-12-18 03:36:34.830000','2023-12-18 03:36:34.830000','Giày Thể Thao Nam CORE FESTIVE: DUSK COLLECTION HSM005400 '),(577,731000,'https://res.cloudinary.com/dmvncmrci/image/upload/v1702845384/Product/hsm005400xam1_482d9a1ccf3c46698c6c10c273d1c2a4_nwpusc.webp',14,55,_binary '','2023-12-18 03:36:34.834000','2023-12-18 03:36:34.834000','Giày Thể Thao Nam CORE FESTIVE: DUSK COLLECTION HSM005400 '),(578,731000,'https://res.cloudinary.com/dmvncmrci/image/upload/v1702845384/Product/hsm005400xam1_482d9a1ccf3c46698c6c10c273d1c2a4_nwpusc.webp',24,55,_binary '','2023-12-18 03:36:34.837000','2023-12-18 03:36:34.837000','Giày Thể Thao Nam CORE FESTIVE: DUSK COLLECTION HSM005400 '),(579,731000,'https://res.cloudinary.com/dmvncmrci/image/upload/v1702845384/Product/hsm005400xam1_482d9a1ccf3c46698c6c10c273d1c2a4_nwpusc.webp',27,55,_binary '','2023-12-18 03:36:34.844000','2023-12-18 03:36:34.844000','Giày Thể Thao Nam CORE FESTIVE: DUSK COLLECTION HSM005400 '),(580,731000,'https://res.cloudinary.com/dmvncmrci/image/upload/v1702845384/Product/hsm005400xam1_482d9a1ccf3c46698c6c10c273d1c2a4_nwpusc.webp',23,55,_binary '','2023-12-18 03:36:34.850000','2023-12-18 03:36:34.850000','Giày Thể Thao Nam CORE FESTIVE: DUSK COLLECTION HSM005400 '),(581,731000,'https://res.cloudinary.com/dmvncmrci/image/upload/v1702845384/Product/hsm005400xam1_482d9a1ccf3c46698c6c10c273d1c2a4_nwpusc.webp',25,55,_binary '','2023-12-18 03:36:34.861000','2023-12-18 03:36:34.861000','Giày Thể Thao Nam CORE FESTIVE: DUSK COLLECTION HSM005400 '),(582,731000,'https://res.cloudinary.com/dmvncmrci/image/upload/v1702845384/Product/hsm005400xam1_482d9a1ccf3c46698c6c10c273d1c2a4_nwpusc.webp',25,55,_binary '','2023-12-18 03:36:34.868000','2023-12-18 03:36:34.868000','Giày Thể Thao Nam CORE FESTIVE: DUSK COLLECTION HSM005400 '),(583,981000,'https://res.cloudinary.com/dmvncmrci/image/upload/v1702846492/Product/hsm004400xnh1_a976df833b54489894a3506e48cb854b_st2nfa.webp',23,56,_binary '','2023-12-18 03:57:11.644000','2023-12-18 03:57:11.644000','Giày Thể Thao Nam FESTIVE: GUARDIAN COLLECTION HSM004400 '),(584,981000,'https://res.cloudinary.com/dmvncmrci/image/upload/v1702846492/Product/hsm004400xnh1_a976df833b54489894a3506e48cb854b_st2nfa.webp',20,56,_binary '','2023-12-18 03:57:11.649000','2023-12-18 03:57:11.649000','Giày Thể Thao Nam FESTIVE: GUARDIAN COLLECTION HSM004400 '),(585,981000,'https://res.cloudinary.com/dmvncmrci/image/upload/v1702846492/Product/hsm004400xnh1_a976df833b54489894a3506e48cb854b_st2nfa.webp',15,56,_binary '','2023-12-18 03:57:11.653000','2023-12-18 03:57:11.653000','Giày Thể Thao Nam FESTIVE: GUARDIAN COLLECTION HSM004400 '),(586,981000,'https://res.cloudinary.com/dmvncmrci/image/upload/v1702846492/Product/hsm004400xnh1_a976df833b54489894a3506e48cb854b_st2nfa.webp',15,56,_binary '','2023-12-18 03:57:11.659000','2023-12-18 03:57:11.659000','Giày Thể Thao Nam FESTIVE: GUARDIAN COLLECTION HSM004400 '),(587,981000,'https://res.cloudinary.com/dmvncmrci/image/upload/v1702846492/Product/hsm004400xnh1_a976df833b54489894a3506e48cb854b_st2nfa.webp',20,56,_binary '','2023-12-18 03:57:11.664000','2023-12-18 03:57:11.664000','Giày Thể Thao Nam FESTIVE: GUARDIAN COLLECTION HSM004400 '),(588,981000,'https://res.cloudinary.com/dmvncmrci/image/upload/v1702846492/Product/hsm004400xnh1_a976df833b54489894a3506e48cb854b_st2nfa.webp',10,56,_binary '','2023-12-18 03:57:11.668000','2023-12-18 03:57:11.668000','Giày Thể Thao Nam FESTIVE: GUARDIAN COLLECTION HSM004400 '),(589,981000,'https://res.cloudinary.com/dmvncmrci/image/upload/v1702846492/Product/hsm004400xnh1_a976df833b54489894a3506e48cb854b_st2nfa.webp',10,56,_binary '','2023-12-18 03:57:11.674000','2023-12-18 03:57:11.674000','Giày Thể Thao Nam FESTIVE: GUARDIAN COLLECTION HSM004400 '),(590,981000,'https://res.cloudinary.com/dmvncmrci/image/upload/v1702846496/Product/hsm004400xam1_95a0fd0954fa444b9d9d488d1550b8d3_kkamak.webp',12,56,_binary '','2023-12-18 03:57:11.677000','2023-12-18 03:57:11.677000','Giày Thể Thao Nam FESTIVE: GUARDIAN COLLECTION HSM004400 '),(591,981000,'https://res.cloudinary.com/dmvncmrci/image/upload/v1702846496/Product/hsm004400xam1_95a0fd0954fa444b9d9d488d1550b8d3_kkamak.webp',14,56,_binary '','2023-12-18 03:57:11.681000','2023-12-18 03:57:11.681000','Giày Thể Thao Nam FESTIVE: GUARDIAN COLLECTION HSM004400 '),(592,981000,'https://res.cloudinary.com/dmvncmrci/image/upload/v1702846496/Product/hsm004400xam1_95a0fd0954fa444b9d9d488d1550b8d3_kkamak.webp',24,56,_binary '','2023-12-18 03:57:11.684000','2023-12-18 03:57:11.684000','Giày Thể Thao Nam FESTIVE: GUARDIAN COLLECTION HSM004400 '),(593,981000,'https://res.cloudinary.com/dmvncmrci/image/upload/v1702846496/Product/hsm004400xam1_95a0fd0954fa444b9d9d488d1550b8d3_kkamak.webp',27,56,_binary '','2023-12-18 03:57:11.689000','2023-12-18 03:57:11.689000','Giày Thể Thao Nam FESTIVE: GUARDIAN COLLECTION HSM004400 '),(594,981000,'https://res.cloudinary.com/dmvncmrci/image/upload/v1702846496/Product/hsm004400xam1_95a0fd0954fa444b9d9d488d1550b8d3_kkamak.webp',23,56,_binary '','2023-12-18 03:57:11.693000','2023-12-18 03:57:11.693000','Giày Thể Thao Nam FESTIVE: GUARDIAN COLLECTION HSM004400 '),(595,981000,'https://res.cloudinary.com/dmvncmrci/image/upload/v1702846496/Product/hsm004400xam1_95a0fd0954fa444b9d9d488d1550b8d3_kkamak.webp',25,56,_binary '','2023-12-18 03:57:11.697000','2023-12-18 03:57:11.697000','Giày Thể Thao Nam FESTIVE: GUARDIAN COLLECTION HSM004400 '),(596,981000,'https://res.cloudinary.com/dmvncmrci/image/upload/v1702846496/Product/hsm004400xam1_95a0fd0954fa444b9d9d488d1550b8d3_kkamak.webp',25,56,_binary '','2023-12-18 03:57:11.702000','2023-12-18 03:57:11.702000','Giày Thể Thao Nam FESTIVE: GUARDIAN COLLECTION HSM004400 '),(597,981000,'https://res.cloudinary.com/dmvncmrci/image/upload/v1702846508/Product/hsm004400kem1_c93e10abe0f44e409d819a050be47171_iukoxq.webp',12,56,_binary '','2023-12-18 03:57:11.709000','2023-12-18 03:57:11.709000','Giày Thể Thao Nam FESTIVE: GUARDIAN COLLECTION HSM004400 '),(598,981000,'https://res.cloudinary.com/dmvncmrci/image/upload/v1702846508/Product/hsm004400kem1_c93e10abe0f44e409d819a050be47171_iukoxq.webp',14,56,_binary '','2023-12-18 03:57:11.789000','2023-12-18 03:57:11.789000','Giày Thể Thao Nam FESTIVE: GUARDIAN COLLECTION HSM004400 '),(599,981000,'https://res.cloudinary.com/dmvncmrci/image/upload/v1702846508/Product/hsm004400kem1_c93e10abe0f44e409d819a050be47171_iukoxq.webp',24,56,_binary '','2023-12-18 03:57:11.795000','2023-12-18 03:57:11.795000','Giày Thể Thao Nam FESTIVE: GUARDIAN COLLECTION HSM004400 '),(600,981000,'https://res.cloudinary.com/dmvncmrci/image/upload/v1702846508/Product/hsm004400kem1_c93e10abe0f44e409d819a050be47171_iukoxq.webp',27,56,_binary '','2023-12-18 03:57:11.799000','2023-12-18 03:57:11.799000','Giày Thể Thao Nam FESTIVE: GUARDIAN COLLECTION HSM004400 '),(601,981000,'https://res.cloudinary.com/dmvncmrci/image/upload/v1702846508/Product/hsm004400kem1_c93e10abe0f44e409d819a050be47171_iukoxq.webp',23,56,_binary '','2023-12-18 03:57:11.803000','2023-12-18 03:57:11.803000','Giày Thể Thao Nam FESTIVE: GUARDIAN COLLECTION HSM004400 '),(602,981000,'https://res.cloudinary.com/dmvncmrci/image/upload/v1702846508/Product/hsm004400kem1_c93e10abe0f44e409d819a050be47171_iukoxq.webp',25,56,_binary '','2023-12-18 03:57:11.809000','2023-12-18 03:57:11.809000','Giày Thể Thao Nam FESTIVE: GUARDIAN COLLECTION HSM004400 '),(603,981000,'https://res.cloudinary.com/dmvncmrci/image/upload/v1702846508/Product/hsm004400kem1_c93e10abe0f44e409d819a050be47171_iukoxq.webp',25,56,_binary '','2023-12-18 03:57:11.814000','2023-12-18 03:57:11.814000','Giày Thể Thao Nam FESTIVE: GUARDIAN COLLECTION HSM004400 '),(604,981000,'https://res.cloudinary.com/dmvncmrci/image/upload/v1702846783/Product/hsm004401den4_b18ce8e563fa4e0cb21f0f8b2e236916_qr50az.webp',23,57,_binary '','2023-12-18 03:59:33.018000','2023-12-18 03:59:33.018000','Giày Thể Thao Nam Liteflex 2.0 - Midnight 2K23 HSM004401 '),(605,981000,'https://res.cloudinary.com/dmvncmrci/image/upload/v1702846783/Product/hsm004401den4_b18ce8e563fa4e0cb21f0f8b2e236916_qr50az.webp',20,57,_binary '','2023-12-18 03:59:33.027000','2023-12-18 03:59:33.027000','Giày Thể Thao Nam Liteflex 2.0 - Midnight 2K23 HSM004401 '),(606,981000,'https://res.cloudinary.com/dmvncmrci/image/upload/v1702846783/Product/hsm004401den4_b18ce8e563fa4e0cb21f0f8b2e236916_qr50az.webp',15,57,_binary '','2023-12-18 03:59:33.030000','2023-12-18 03:59:33.030000','Giày Thể Thao Nam Liteflex 2.0 - Midnight 2K23 HSM004401 '),(607,981000,'https://res.cloudinary.com/dmvncmrci/image/upload/v1702846783/Product/hsm004401den4_b18ce8e563fa4e0cb21f0f8b2e236916_qr50az.webp',15,57,_binary '','2023-12-18 03:59:33.033000','2023-12-18 03:59:33.033000','Giày Thể Thao Nam Liteflex 2.0 - Midnight 2K23 HSM004401 '),(608,981000,'https://res.cloudinary.com/dmvncmrci/image/upload/v1702846783/Product/hsm004401den4_b18ce8e563fa4e0cb21f0f8b2e236916_qr50az.webp',20,57,_binary '','2023-12-18 03:59:33.039000','2023-12-18 03:59:33.039000','Giày Thể Thao Nam Liteflex 2.0 - Midnight 2K23 HSM004401 '),(609,981000,'https://res.cloudinary.com/dmvncmrci/image/upload/v1702846783/Product/hsm004401den4_b18ce8e563fa4e0cb21f0f8b2e236916_qr50az.webp',10,57,_binary '','2023-12-18 03:59:33.042000','2023-12-18 03:59:33.042000','Giày Thể Thao Nam Liteflex 2.0 - Midnight 2K23 HSM004401 '),(610,981000,'https://res.cloudinary.com/dmvncmrci/image/upload/v1702846783/Product/hsm004401den4_b18ce8e563fa4e0cb21f0f8b2e236916_qr50az.webp',10,57,_binary '','2023-12-18 03:59:33.045000','2023-12-18 03:59:33.045000','Giày Thể Thao Nam Liteflex 2.0 - Midnight 2K23 HSM004401 '),(611,981000,'https://res.cloudinary.com/dmvncmrci/image/upload/v1702846866/Product/hsm004701den4_f3b6007d2d084310a28ee87fb2cd1eb7_pm4ttx.webp',23,58,_binary '','2023-12-18 04:01:23.914000','2023-12-18 04:01:23.914000','Giày Thể Thao Nam Hunter Street - Midnight 2K23 HSM004701 '),(612,981000,'https://res.cloudinary.com/dmvncmrci/image/upload/v1702846866/Product/hsm004701den4_f3b6007d2d084310a28ee87fb2cd1eb7_pm4ttx.webp',20,58,_binary '','2023-12-18 04:01:23.916000','2023-12-18 04:01:23.916000','Giày Thể Thao Nam Hunter Street - Midnight 2K23 HSM004701 '),(613,981000,'https://res.cloudinary.com/dmvncmrci/image/upload/v1702846866/Product/hsm004701den4_f3b6007d2d084310a28ee87fb2cd1eb7_pm4ttx.webp',15,58,_binary '','2023-12-18 04:01:23.921000','2023-12-18 04:01:23.921000','Giày Thể Thao Nam Hunter Street - Midnight 2K23 HSM004701 '),(614,981000,'https://res.cloudinary.com/dmvncmrci/image/upload/v1702846866/Product/hsm004701den4_f3b6007d2d084310a28ee87fb2cd1eb7_pm4ttx.webp',15,58,_binary '','2023-12-18 04:01:23.924000','2023-12-18 04:01:23.924000','Giày Thể Thao Nam Hunter Street - Midnight 2K23 HSM004701 '),(615,981000,'https://res.cloudinary.com/dmvncmrci/image/upload/v1702846866/Product/hsm004701den4_f3b6007d2d084310a28ee87fb2cd1eb7_pm4ttx.webp',20,58,_binary '','2023-12-18 04:01:23.926000','2023-12-18 04:01:23.926000','Giày Thể Thao Nam Hunter Street - Midnight 2K23 HSM004701 '),(616,981000,'https://res.cloudinary.com/dmvncmrci/image/upload/v1702846866/Product/hsm004701den4_f3b6007d2d084310a28ee87fb2cd1eb7_pm4ttx.webp',10,58,_binary '','2023-12-18 04:01:23.928000','2023-12-18 04:01:23.928000','Giày Thể Thao Nam Hunter Street - Midnight 2K23 HSM004701 '),(617,981000,'https://res.cloudinary.com/dmvncmrci/image/upload/v1702846866/Product/hsm004701den4_f3b6007d2d084310a28ee87fb2cd1eb7_pm4ttx.webp',10,58,_binary '','2023-12-18 04:01:23.931000','2023-12-18 04:01:23.931000','Giày Thể Thao Nam Hunter Street - Midnight 2K23 HSM004701 '),(618,1256000,'https://res.cloudinary.com/dmvncmrci/image/upload/v1702846941/Product/hsm004200den2_9d67330813664ff88c2483b559f9f759_bynenw.webp',23,59,_binary '','2023-12-18 04:02:41.275000','2023-12-18 04:02:41.275000','Giày Thể Thao Nam Dune - Midnight 2K23 HSM004200 '),(619,1256000,'https://res.cloudinary.com/dmvncmrci/image/upload/v1702846941/Product/hsm004200den2_9d67330813664ff88c2483b559f9f759_bynenw.webp',20,59,_binary '','2023-12-18 04:02:41.279000','2023-12-18 04:02:41.279000','Giày Thể Thao Nam Dune - Midnight 2K23 HSM004200 '),(620,1256000,'https://res.cloudinary.com/dmvncmrci/image/upload/v1702846941/Product/hsm004200den2_9d67330813664ff88c2483b559f9f759_bynenw.webp',15,59,_binary '','2023-12-18 04:02:41.283000','2023-12-18 04:02:41.283000','Giày Thể Thao Nam Dune - Midnight 2K23 HSM004200 '),(621,1256000,'https://res.cloudinary.com/dmvncmrci/image/upload/v1702846941/Product/hsm004200den2_9d67330813664ff88c2483b559f9f759_bynenw.webp',15,59,_binary '','2023-12-18 04:02:41.288000','2023-12-18 04:02:41.288000','Giày Thể Thao Nam Dune - Midnight 2K23 HSM004200 '),(622,1256000,'https://res.cloudinary.com/dmvncmrci/image/upload/v1702846941/Product/hsm004200den2_9d67330813664ff88c2483b559f9f759_bynenw.webp',20,59,_binary '','2023-12-18 04:02:41.291000','2023-12-18 04:02:41.291000','Giày Thể Thao Nam Dune - Midnight 2K23 HSM004200 '),(623,1256000,'https://res.cloudinary.com/dmvncmrci/image/upload/v1702846941/Product/hsm004200den2_9d67330813664ff88c2483b559f9f759_bynenw.webp',10,59,_binary '','2023-12-18 04:02:41.294000','2023-12-18 04:02:41.294000','Giày Thể Thao Nam Dune - Midnight 2K23 HSM004200 '),(624,1256000,'https://res.cloudinary.com/dmvncmrci/image/upload/v1702846941/Product/hsm004200den2_9d67330813664ff88c2483b559f9f759_bynenw.webp',10,59,_binary '','2023-12-18 04:02:41.297000','2023-12-18 04:02:41.297000','Giày Thể Thao Nam Dune - Midnight 2K23 HSM004200 '),(625,981000,'https://res.cloudinary.com/dmvncmrci/image/upload/v1702847113/Product/hsm003100kem__2__21277445091e44e2908bc220ea3f5590_dfjckr.webp',23,60,_binary '','2023-12-18 04:06:13.506000','2023-12-18 04:06:13.506000','Giày Thể Thao Nam HSM003100 '),(626,981000,'https://res.cloudinary.com/dmvncmrci/image/upload/v1702847113/Product/hsm003100kem__2__21277445091e44e2908bc220ea3f5590_dfjckr.webp',20,60,_binary '','2023-12-18 04:06:13.510000','2023-12-18 04:06:13.510000','Giày Thể Thao Nam HSM003100 '),(627,981000,'https://res.cloudinary.com/dmvncmrci/image/upload/v1702847113/Product/hsm003100kem__2__21277445091e44e2908bc220ea3f5590_dfjckr.webp',15,60,_binary '','2023-12-18 04:06:13.515000','2023-12-18 04:06:13.515000','Giày Thể Thao Nam HSM003100 '),(628,981000,'https://res.cloudinary.com/dmvncmrci/image/upload/v1702847113/Product/hsm003100kem__2__21277445091e44e2908bc220ea3f5590_dfjckr.webp',15,60,_binary '','2023-12-18 04:06:13.520000','2023-12-18 04:06:13.520000','Giày Thể Thao Nam HSM003100 '),(629,981000,'https://res.cloudinary.com/dmvncmrci/image/upload/v1702847113/Product/hsm003100kem__2__21277445091e44e2908bc220ea3f5590_dfjckr.webp',20,60,_binary '','2023-12-18 04:06:13.523000','2023-12-18 04:06:13.523000','Giày Thể Thao Nam HSM003100 '),(630,981000,'https://res.cloudinary.com/dmvncmrci/image/upload/v1702847113/Product/hsm003100kem__2__21277445091e44e2908bc220ea3f5590_dfjckr.webp',10,60,_binary '','2023-12-18 04:06:13.526000','2023-12-18 04:06:13.526000','Giày Thể Thao Nam HSM003100 '),(631,981000,'https://res.cloudinary.com/dmvncmrci/image/upload/v1702847113/Product/hsm003100kem__2__21277445091e44e2908bc220ea3f5590_dfjckr.webp',10,60,_binary '','2023-12-18 04:06:13.531000','2023-12-18 04:06:13.531000','Giày Thể Thao Nam HSM003100 '),(632,981000,'https://res.cloudinary.com/dmvncmrci/image/upload/v1702847199/Product/hsm003100xam__2__5308eec6c1e8486d869c19119651acf4_y2yqn4.webp',12,60,_binary '','2023-12-18 04:06:13.535000','2023-12-18 04:06:13.535000','Giày Thể Thao Nam HSM003100 '),(633,981000,'https://res.cloudinary.com/dmvncmrci/image/upload/v1702847199/Product/hsm003100xam__2__5308eec6c1e8486d869c19119651acf4_y2yqn4.webp',14,60,_binary '','2023-12-18 04:06:13.538000','2023-12-18 04:06:13.538000','Giày Thể Thao Nam HSM003100 '),(634,981000,'https://res.cloudinary.com/dmvncmrci/image/upload/v1702847199/Product/hsm003100xam__2__5308eec6c1e8486d869c19119651acf4_y2yqn4.webp',24,60,_binary '','2023-12-18 04:06:13.542000','2023-12-18 04:06:13.542000','Giày Thể Thao Nam HSM003100 '),(635,981000,'https://res.cloudinary.com/dmvncmrci/image/upload/v1702847199/Product/hsm003100xam__2__5308eec6c1e8486d869c19119651acf4_y2yqn4.webp',27,60,_binary '','2023-12-18 04:06:13.545000','2023-12-18 04:06:13.545000','Giày Thể Thao Nam HSM003100 '),(636,981000,'https://res.cloudinary.com/dmvncmrci/image/upload/v1702847199/Product/hsm003100xam__2__5308eec6c1e8486d869c19119651acf4_y2yqn4.webp',23,60,_binary '','2023-12-18 04:06:13.551000','2023-12-18 04:06:13.551000','Giày Thể Thao Nam HSM003100 '),(637,981000,'https://res.cloudinary.com/dmvncmrci/image/upload/v1702847199/Product/hsm003100xam__2__5308eec6c1e8486d869c19119651acf4_y2yqn4.webp',25,60,_binary '','2023-12-18 04:06:13.554000','2023-12-18 04:06:13.554000','Giày Thể Thao Nam HSM003100 '),(638,981000,'https://res.cloudinary.com/dmvncmrci/image/upload/v1702847199/Product/hsm003100xam__2__5308eec6c1e8486d869c19119651acf4_y2yqn4.webp',25,60,_binary '','2023-12-18 04:06:13.557000','2023-12-18 04:06:13.557000','Giày Thể Thao Nam HSM003100 '),(639,981000,'https://res.cloudinary.com/dmvncmrci/image/upload/v1702847137/Product/hsm003100den__2__c5e61a6576af49b1a87493cfb82e334c_q0e4n6.webp',12,60,_binary '','2023-12-18 04:06:13.561000','2023-12-18 04:06:13.561000','Giày Thể Thao Nam HSM003100 '),(640,981000,'https://res.cloudinary.com/dmvncmrci/image/upload/v1702847137/Product/hsm003100den__2__c5e61a6576af49b1a87493cfb82e334c_q0e4n6.webp',14,60,_binary '','2023-12-18 04:06:13.567000','2023-12-18 04:06:13.567000','Giày Thể Thao Nam HSM003100 '),(641,981000,'https://res.cloudinary.com/dmvncmrci/image/upload/v1702847137/Product/hsm003100den__2__c5e61a6576af49b1a87493cfb82e334c_q0e4n6.webp',24,60,_binary '','2023-12-18 04:06:13.572000','2023-12-18 04:06:13.572000','Giày Thể Thao Nam HSM003100 '),(642,981000,'https://res.cloudinary.com/dmvncmrci/image/upload/v1702847137/Product/hsm003100den__2__c5e61a6576af49b1a87493cfb82e334c_q0e4n6.webp',27,60,_binary '','2023-12-18 04:06:13.575000','2023-12-18 04:06:13.575000','Giày Thể Thao Nam HSM003100 '),(643,981000,'https://res.cloudinary.com/dmvncmrci/image/upload/v1702847137/Product/hsm003100den__2__c5e61a6576af49b1a87493cfb82e334c_q0e4n6.webp',23,60,_binary '','2023-12-18 04:06:13.578000','2023-12-18 04:06:13.578000','Giày Thể Thao Nam HSM003100 '),(644,981000,'https://res.cloudinary.com/dmvncmrci/image/upload/v1702847137/Product/hsm003100den__2__c5e61a6576af49b1a87493cfb82e334c_q0e4n6.webp',25,60,_binary '','2023-12-18 04:06:13.584000','2023-12-18 04:06:13.584000','Giày Thể Thao Nam HSM003100 '),(645,981000,'https://res.cloudinary.com/dmvncmrci/image/upload/v1702847137/Product/hsm003100den__2__c5e61a6576af49b1a87493cfb82e334c_q0e4n6.webp',25,60,_binary '','2023-12-18 04:06:13.588000','2023-12-18 04:06:13.588000','Giày Thể Thao Nam HSM003100 '),(646,981000,'https://res.cloudinary.com/dmvncmrci/image/upload/v1702847286/Product/hsm002400xam__2__d383cc72e2024eca9110c701ee03133d_vu6crc.webp',23,61,_binary '','2023-12-18 04:09:42.951000','2023-12-18 04:09:42.951000','Giày Thể Thao Nam Core HSM002400 '),(647,981000,'https://res.cloudinary.com/dmvncmrci/image/upload/v1702847286/Product/hsm002400xam__2__d383cc72e2024eca9110c701ee03133d_vu6crc.webp',20,61,_binary '','2023-12-18 04:09:42.953000','2023-12-18 04:09:42.953000','Giày Thể Thao Nam Core HSM002400 '),(648,981000,'https://res.cloudinary.com/dmvncmrci/image/upload/v1702847286/Product/hsm002400xam__2__d383cc72e2024eca9110c701ee03133d_vu6crc.webp',15,61,_binary '','2023-12-18 04:09:42.955000','2023-12-18 04:09:42.955000','Giày Thể Thao Nam Core HSM002400 '),(649,981000,'https://res.cloudinary.com/dmvncmrci/image/upload/v1702847286/Product/hsm002400xam__2__d383cc72e2024eca9110c701ee03133d_vu6crc.webp',15,61,_binary '','2023-12-18 04:09:42.957000','2023-12-18 04:09:42.957000','Giày Thể Thao Nam Core HSM002400 '),(650,981000,'https://res.cloudinary.com/dmvncmrci/image/upload/v1702847286/Product/hsm002400xam__2__d383cc72e2024eca9110c701ee03133d_vu6crc.webp',20,61,_binary '','2023-12-18 04:09:42.961000','2023-12-18 04:09:42.961000','Giày Thể Thao Nam Core HSM002400 '),(651,981000,'https://res.cloudinary.com/dmvncmrci/image/upload/v1702847286/Product/hsm002400xam__2__d383cc72e2024eca9110c701ee03133d_vu6crc.webp',10,61,_binary '','2023-12-18 04:09:42.970000','2023-12-18 04:09:42.970000','Giày Thể Thao Nam Core HSM002400 '),(652,981000,'https://res.cloudinary.com/dmvncmrci/image/upload/v1702847286/Product/hsm002400xam__2__d383cc72e2024eca9110c701ee03133d_vu6crc.webp',10,61,_binary '','2023-12-18 04:09:42.974000','2023-12-18 04:09:42.974000','Giày Thể Thao Nam Core HSM002400 '),(653,981000,'https://res.cloudinary.com/dmvncmrci/image/upload/v1700207260/cld-sample-5.jpg',12,61,_binary '','2023-12-18 04:09:42.979000','2023-12-18 04:09:42.979000','Giày Thể Thao Nam Core HSM002400 '),(654,981000,'https://res.cloudinary.com/dmvncmrci/image/upload/v1702847296/Product/hsm002400den__2__ee8807b40930450f8eb0c99b909b5f9a_ttjtj9.webp',14,61,_binary '','2023-12-18 04:09:42.982000','2023-12-18 04:09:42.982000','Giày Thể Thao Nam Core HSM002400 '),(655,981000,'https://res.cloudinary.com/dmvncmrci/image/upload/v1702847296/Product/hsm002400den__2__ee8807b40930450f8eb0c99b909b5f9a_ttjtj9.webp',24,61,_binary '','2023-12-18 04:09:42.984000','2023-12-18 04:09:42.984000','Giày Thể Thao Nam Core HSM002400 '),(656,981000,'https://res.cloudinary.com/dmvncmrci/image/upload/v1702847296/Product/hsm002400den__2__ee8807b40930450f8eb0c99b909b5f9a_ttjtj9.webp',27,61,_binary '','2023-12-18 04:09:42.986000','2023-12-18 04:09:42.986000','Giày Thể Thao Nam Core HSM002400 '),(657,981000,'https://res.cloudinary.com/dmvncmrci/image/upload/v1702847296/Product/hsm002400den__2__ee8807b40930450f8eb0c99b909b5f9a_ttjtj9.webp',23,61,_binary '','2023-12-18 04:09:42.988000','2023-12-18 04:09:42.988000','Giày Thể Thao Nam Core HSM002400 '),(658,981000,'https://res.cloudinary.com/dmvncmrci/image/upload/v1702847296/Product/hsm002400den__2__ee8807b40930450f8eb0c99b909b5f9a_ttjtj9.webp',25,61,_binary '','2023-12-18 04:09:42.990000','2023-12-18 04:09:42.990000','Giày Thể Thao Nam Core HSM002400 '),(659,981000,'https://res.cloudinary.com/dmvncmrci/image/upload/v1702847296/Product/hsm002400den__2__ee8807b40930450f8eb0c99b909b5f9a_ttjtj9.webp',25,61,_binary '','2023-12-18 04:09:42.994000','2023-12-18 04:09:42.994000','Giày Thể Thao Nam Core HSM002400 '),(661,741000,'https://res.cloudinary.com/dmvncmrci/image/upload/v1702848278/Product/hsm003900cam__2__39859caf0fc04712b137e47f7132a4e9_i1ipqp.webp',23,62,_binary '','2023-12-18 04:24:01.665000','2023-12-18 04:24:01.665000','Giày Thể Thao Nam Street HSM003900 '),(662,741000,'https://res.cloudinary.com/dmvncmrci/image/upload/v1702848278/Product/hsm003900cam__2__39859caf0fc04712b137e47f7132a4e9_i1ipqp.webp',20,62,_binary '','2023-12-18 04:24:01.673000','2023-12-18 04:24:01.673000','Giày Thể Thao Nam Street HSM003900 '),(663,741000,'https://res.cloudinary.com/dmvncmrci/image/upload/v1702848278/Product/hsm003900cam__2__39859caf0fc04712b137e47f7132a4e9_i1ipqp.webp',15,62,_binary '','2023-12-18 04:24:01.681000','2023-12-18 04:24:01.681000','Giày Thể Thao Nam Street HSM003900 '),(664,741000,'https://res.cloudinary.com/dmvncmrci/image/upload/v1702848278/Product/hsm003900cam__2__39859caf0fc04712b137e47f7132a4e9_i1ipqp.webp',15,62,_binary '','2023-12-18 04:24:01.687000','2023-12-18 04:24:01.687000','Giày Thể Thao Nam Street HSM003900 '),(665,741000,'https://res.cloudinary.com/dmvncmrci/image/upload/v1702848278/Product/hsm003900cam__2__39859caf0fc04712b137e47f7132a4e9_i1ipqp.webp',20,62,_binary '','2023-12-18 04:24:01.693000','2023-12-18 04:24:01.693000','Giày Thể Thao Nam Street HSM003900 '),(666,741000,'https://res.cloudinary.com/dmvncmrci/image/upload/v1702848278/Product/hsm003900cam__2__39859caf0fc04712b137e47f7132a4e9_i1ipqp.webp',10,62,_binary '','2023-12-18 04:24:01.701000','2023-12-18 04:24:01.701000','Giày Thể Thao Nam Street HSM003900 '),(667,741000,'https://res.cloudinary.com/dmvncmrci/image/upload/v1702848278/Product/hsm003900cam__2__39859caf0fc04712b137e47f7132a4e9_i1ipqp.webp',10,62,_binary '','2023-12-18 04:24:01.708000','2023-12-18 04:24:01.708000','Giày Thể Thao Nam Street HSM003900 '),(668,741000,'https://res.cloudinary.com/dmvncmrci/image/upload/v1702847992/Product/hsm003900den__2__6ea0b564456d432f84ffd18b461d1366_yjqh3z.webp',12,62,_binary '','2023-12-18 04:24:01.714000','2023-12-18 04:24:01.714000','Giày Thể Thao Nam Street HSM003900 '),(669,741000,'https://res.cloudinary.com/dmvncmrci/image/upload/v1702847992/Product/hsm003900den__2__6ea0b564456d432f84ffd18b461d1366_yjqh3z.webp',14,62,_binary '','2023-12-18 04:24:01.722000','2023-12-18 04:24:01.722000','Giày Thể Thao Nam Street HSM003900 '),(670,741000,'https://res.cloudinary.com/dmvncmrci/image/upload/v1702847992/Product/hsm003900den__2__6ea0b564456d432f84ffd18b461d1366_yjqh3z.webp',24,62,_binary '','2023-12-18 04:24:01.727000','2023-12-18 04:24:01.727000','Giày Thể Thao Nam Street HSM003900 '),(671,741000,'https://res.cloudinary.com/dmvncmrci/image/upload/v1702847992/Product/hsm003900den__2__6ea0b564456d432f84ffd18b461d1366_yjqh3z.webp',27,62,_binary '','2023-12-18 04:24:01.734000','2023-12-18 04:24:01.734000','Giày Thể Thao Nam Street HSM003900 '),(672,741000,'https://res.cloudinary.com/dmvncmrci/image/upload/v1702847992/Product/hsm003900den__2__6ea0b564456d432f84ffd18b461d1366_yjqh3z.webp',23,62,_binary '','2023-12-18 04:24:01.740000','2023-12-18 04:24:01.740000','Giày Thể Thao Nam Street HSM003900 '),(673,741000,'https://res.cloudinary.com/dmvncmrci/image/upload/v1702847992/Product/hsm003900den__2__6ea0b564456d432f84ffd18b461d1366_yjqh3z.webp',25,62,_binary '','2023-12-18 04:24:01.746000','2023-12-18 04:24:01.746000','Giày Thể Thao Nam Street HSM003900 '),(674,741000,'https://res.cloudinary.com/dmvncmrci/image/upload/v1702847992/Product/hsm003900den__2__6ea0b564456d432f84ffd18b461d1366_yjqh3z.webp',25,62,_binary '','2023-12-18 04:24:01.753000','2023-12-18 04:24:01.753000','Giày Thể Thao Nam Street HSM003900 '),(675,741000,'https://res.cloudinary.com/dmvncmrci/image/upload/v1702847997/Product/hsm003900reu__2__2ee721177e1a4f2ea9f75d3a96381485_jqfwoy.webp',12,62,_binary '','2023-12-18 04:24:01.877000','2023-12-18 04:24:01.877000','Giày Thể Thao Nam Street HSM003900 '),(676,741000,'https://res.cloudinary.com/dmvncmrci/image/upload/v1702847997/Product/hsm003900reu__2__2ee721177e1a4f2ea9f75d3a96381485_jqfwoy.webp',14,62,_binary '','2023-12-18 04:24:01.885000','2023-12-18 04:24:01.885000','Giày Thể Thao Nam Street HSM003900 '),(677,741000,'https://res.cloudinary.com/dmvncmrci/image/upload/v1702847997/Product/hsm003900reu__2__2ee721177e1a4f2ea9f75d3a96381485_jqfwoy.webp',24,62,_binary '','2023-12-18 04:24:01.891000','2023-12-18 04:24:01.891000','Giày Thể Thao Nam Street HSM003900 '),(678,741000,'https://res.cloudinary.com/dmvncmrci/image/upload/v1702847997/Product/hsm003900reu__2__2ee721177e1a4f2ea9f75d3a96381485_jqfwoy.webp',27,62,_binary '','2023-12-18 04:24:01.898000','2023-12-18 04:24:01.898000','Giày Thể Thao Nam Street HSM003900 '),(679,741000,'https://res.cloudinary.com/dmvncmrci/image/upload/v1702847997/Product/hsm003900reu__2__2ee721177e1a4f2ea9f75d3a96381485_jqfwoy.webp',23,62,_binary '','2023-12-18 04:24:01.906000','2023-12-18 04:24:01.906000','Giày Thể Thao Nam Street HSM003900 '),(680,741000,'https://res.cloudinary.com/dmvncmrci/image/upload/v1702847997/Product/hsm003900reu__2__2ee721177e1a4f2ea9f75d3a96381485_jqfwoy.webp',25,62,_binary '','2023-12-18 04:24:01.911000','2023-12-18 04:24:01.911000','Giày Thể Thao Nam Street HSM003900 '),(681,741000,'https://res.cloudinary.com/dmvncmrci/image/upload/v1702847997/Product/hsm003900reu__2__2ee721177e1a4f2ea9f75d3a96381485_jqfwoy.webp',25,62,_binary '','2023-12-18 04:24:01.919000','2023-12-18 04:24:01.919000','Giày Thể Thao Nam Street HSM003900 ');
/*!40000 ALTER TABLE `product_item` ENABLE KEYS */;
UNLOCK TABLES;

--
-- Table structure for table `promotion`
--

DROP TABLE IF EXISTS `promotion`;
/*!40101 SET @saved_cs_client     = @@character_set_client */;
/*!50503 SET character_set_client = utf8mb4 */;
CREATE TABLE `promotion` (
  `id` bigint NOT NULL AUTO_INCREMENT,
  `created_at` datetime(6) DEFAULT NULL,
  `description` mediumtext,
  `discount_rate` varchar(255) DEFAULT NULL,
  `end_date` datetime(6) DEFAULT NULL,
  `name` varchar(255) DEFAULT NULL,
  `start_date` datetime(6) DEFAULT NULL,
  PRIMARY KEY (`id`)
) ENGINE=InnoDB DEFAULT CHARSET=utf8mb4 COLLATE=utf8mb4_0900_ai_ci;
/*!40101 SET character_set_client = @saved_cs_client */;

--
-- Dumping data for table `promotion`
--

LOCK TABLES `promotion` WRITE;
/*!40000 ALTER TABLE `promotion` DISABLE KEYS */;
/*!40000 ALTER TABLE `promotion` ENABLE KEYS */;
UNLOCK TABLES;

--
-- Table structure for table `review`
--

DROP TABLE IF EXISTS `review`;
/*!40101 SET @saved_cs_client     = @@character_set_client */;
/*!50503 SET character_set_client = utf8mb4 */;
CREATE TABLE `review` (
  `review_id` bigint NOT NULL AUTO_INCREMENT,
  `created_at` datetime(6) DEFAULT NULL,
  `updated_at` datetime(6) DEFAULT NULL,
  `product_id` bigint DEFAULT NULL,
  `user_id` bigint DEFAULT NULL,
  `feedback` varchar(10000) DEFAULT NULL,
  `image_feedback` varchar(255) DEFAULT NULL,
  `rating` int DEFAULT NULL,
  `order_item_id` bigint DEFAULT NULL,
  PRIMARY KEY (`review_id`),
  UNIQUE KEY `UK_fi19ihqypou1atahgbq3a0508` (`order_item_id`),
  KEY `FKiyof1sindb9qiqr9o8npj8klt` (`product_id`),
  KEY `FKiyf57dy48lyiftdrf7y87rnxi` (`user_id`),
  CONSTRAINT `FKcpceqmajrln2x7iqc4jua0hu1` FOREIGN KEY (`order_item_id`) REFERENCES `order_item` (`id`),
  CONSTRAINT `FKiyf57dy48lyiftdrf7y87rnxi` FOREIGN KEY (`user_id`) REFERENCES `user` (`id`),
  CONSTRAINT `FKiyof1sindb9qiqr9o8npj8klt` FOREIGN KEY (`product_id`) REFERENCES `product` (`product_id`)
) ENGINE=InnoDB AUTO_INCREMENT=29 DEFAULT CHARSET=utf8mb4 COLLATE=utf8mb4_0900_ai_ci;
/*!40101 SET character_set_client = @saved_cs_client */;

--
-- Dumping data for table `review`
--

LOCK TABLES `review` WRITE;
/*!40000 ALTER TABLE `review` DISABLE KEYS */;
INSERT INTO `review` VALUES (4,'2023-12-10 09:55:23.625000','2023-12-10 09:55:23.625000',39,5,'test from khang',NULL,5,94),(27,'2023-12-11 01:31:25.354000','2023-12-11 01:31:25.354000',41,5,'test from khang',NULL,5,95),(28,'2023-12-11 01:31:25.485000','2023-12-11 01:31:25.485000',41,5,'test from khang',NULL,2,96);
/*!40000 ALTER TABLE `review` ENABLE KEYS */;
UNLOCK TABLES;

--
-- Table structure for table `role`
--

DROP TABLE IF EXISTS `role`;
/*!40101 SET @saved_cs_client     = @@character_set_client */;
/*!50503 SET character_set_client = utf8mb4 */;
CREATE TABLE `role` (
  `id` bigint NOT NULL AUTO_INCREMENT,
  `role` varchar(20) DEFAULT NULL,
  PRIMARY KEY (`id`)
) ENGINE=InnoDB AUTO_INCREMENT=3 DEFAULT CHARSET=utf8mb4 COLLATE=utf8mb4_0900_ai_ci;
/*!40101 SET character_set_client = @saved_cs_client */;

--
-- Dumping data for table `role`
--

LOCK TABLES `role` WRITE;
/*!40000 ALTER TABLE `role` DISABLE KEYS */;
INSERT INTO `role` VALUES (1,'ROLE_ADMINISTRATOR'),(2,'ROLE_USER');
/*!40000 ALTER TABLE `role` ENABLE KEYS */;
UNLOCK TABLES;

--
-- Table structure for table `status_order`
--

DROP TABLE IF EXISTS `status_order`;
/*!40101 SET @saved_cs_client     = @@character_set_client */;
/*!50503 SET character_set_client = utf8mb4 */;
CREATE TABLE `status_order` (
  `id` bigint NOT NULL AUTO_INCREMENT,
  `order_status` varchar(255) DEFAULT NULL,
  PRIMARY KEY (`id`)
) ENGINE=InnoDB AUTO_INCREMENT=15 DEFAULT CHARSET=utf8mb4 COLLATE=utf8mb4_0900_ai_ci;
/*!40101 SET character_set_client = @saved_cs_client */;

--
-- Dumping data for table `status_order`
--

LOCK TABLES `status_order` WRITE;
/*!40000 ALTER TABLE `status_order` DISABLE KEYS */;
INSERT INTO `status_order` VALUES (1,'DANG_CHO_XU_LY'),(2,'HOAN_TAT'),(3,'DA_GIAO_HANG'),(4,'DANG_VAN_CHUYEN'),(5,'DA_HOAN_TIEN'),(9,'DANG_XU_LY'),(10,'DA_BI_HE_THONG_HUY'),(11,'DA_BI_NGUOI_DUNG_HUY'),(12,'BI_TU_CHOI'),(13,'CHO_XAC_NHAN'),(14,'YEU_CAU_XAC_MINH_THU_CONG');
/*!40000 ALTER TABLE `status_order` ENABLE KEYS */;
UNLOCK TABLES;

--
-- Table structure for table `token`
--

DROP TABLE IF EXISTS `token`;
/*!40101 SET @saved_cs_client     = @@character_set_client */;
/*!50503 SET character_set_client = utf8mb4 */;
CREATE TABLE `token` (
  `id` bigint NOT NULL AUTO_INCREMENT,
  `expired` bit(1) NOT NULL,
  `revoked` bit(1) NOT NULL,
  `token` varchar(255) DEFAULT NULL,
  `user_id` bigint DEFAULT NULL,
  PRIMARY KEY (`id`),
  UNIQUE KEY `UK_pddrhgwxnms2aceeku9s2ewy5` (`token`),
  KEY `FKe32ek7ixanakfqsdaokm4q9y2` (`user_id`),
  CONSTRAINT `FKe32ek7ixanakfqsdaokm4q9y2` FOREIGN KEY (`user_id`) REFERENCES `user` (`id`)
) ENGINE=InnoDB AUTO_INCREMENT=13 DEFAULT CHARSET=utf8mb4 COLLATE=utf8mb4_0900_ai_ci;
/*!40101 SET character_set_client = @saved_cs_client */;

--
-- Dumping data for table `token`
--

LOCK TABLES `token` WRITE;
/*!40000 ALTER TABLE `token` DISABLE KEYS */;
INSERT INTO `token` VALUES (1,_binary '',_binary '','eyJhbGciOiJIUzI1NiJ9.eyJ0b2tlbl90eXBlIjoiYWNjZXNzVG9rZW4iLCJyb2xlIjpbIlJPTEVfQURNSU5JU1RSQVRPUiJdLCJpZCI6NSwic3ViIjoidHJ1bmdraGFuZ3N0ZXZlQGdtYWlsLmNvbSIsImlhdCI6MTcwMjI1MjM1NCwiZXhwIjoxNzAyMzM4NzU0fQ.QlrKOyKQijHuseD0l9ChmwEd2Kk4kvhbjAsG1j2JunE',5),(2,_binary '',_binary '','eyJhbGciOiJIUzI1NiJ9.eyJ0b2tlbl90eXBlIjoiYWNjZXNzVG9rZW4iLCJyb2xlIjpbIlJPTEVfQURNSU5JU1RSQVRPUiJdLCJpZCI6NSwic3ViIjoidHJ1bmdraGFuZ3N0ZXZlQGdtYWlsLmNvbSIsImlhdCI6MTcwMjI1MjM3NCwiZXhwIjoxNzAyMzM4Nzc0fQ.8heuWpQIrrioTOYwTVuGaigMc0Fo_peW7ymZgfvaO8A',5),(3,_binary '',_binary '','eyJhbGciOiJIUzI1NiJ9.eyJ0b2tlbl90eXBlIjoiYWNjZXNzVG9rZW4iLCJyb2xlIjpbIlJPTEVfQURNSU5JU1RSQVRPUiJdLCJpZCI6NSwic3ViIjoidHJ1bmdraGFuZ3N0ZXZlQGdtYWlsLmNvbSIsImlhdCI6MTcwMjI1MzEwMiwiZXhwIjoxNzAyMzM5NTAyfQ.XqT8DezswDyfSpahJVfN-Sk5g3x6PtXsn9dYLtiT4GI',5),(4,_binary '',_binary '','eyJhbGciOiJIUzI1NiJ9.eyJ0b2tlbl90eXBlIjoiYWNjZXNzVG9rZW4iLCJyb2xlIjpbIlJPTEVfQURNSU5JU1RSQVRPUiJdLCJpZCI6NSwic3ViIjoidHJ1bmdraGFuZ3N0ZXZlQGdtYWlsLmNvbSIsImlhdCI6MTcwMjI1MzExMiwiZXhwIjoxNzAyMzM5NTEyfQ.FpRb56J4ae39T_bYBO5LYtNlfeUn45GRmBQf0NTupuw',5),(5,_binary '',_binary '','eyJhbGciOiJIUzI1NiJ9.eyJ0b2tlbl90eXBlIjoiYWNjZXNzVG9rZW4iLCJyb2xlIjpbIlJPTEVfQURNSU5JU1RSQVRPUiJdLCJpZCI6NSwic3ViIjoidHJ1bmdraGFuZ3N0ZXZlQGdtYWlsLmNvbSIsImlhdCI6MTcwMjI1NDM0NSwiZXhwIjoxNzAyMzQwNzQ1fQ.i5e0hXCJRA-4ODur78roxHYIViaBUwqreQgw1JNDaRM',5),(6,_binary '',_binary '','eyJhbGciOiJIUzI1NiJ9.eyJ0b2tlbl90eXBlIjoiYWNjZXNzVG9rZW4iLCJyb2xlIjpbIlJPTEVfQURNSU5JU1RSQVRPUiJdLCJpZCI6NSwic3ViIjoidHJ1bmdraGFuZ3N0ZXZlQGdtYWlsLmNvbSIsImlhdCI6MTcwMjI1NDQ4OSwiZXhwIjoxNzAyMzQwODg5fQ.wAXbE7BDOPTaeLUYMyTwlVBYoWqezpENKwQO8Id8Qqc',5),(7,_binary '',_binary '','eyJhbGciOiJIUzI1NiJ9.eyJ0b2tlbl90eXBlIjoiYWNjZXNzVG9rZW4iLCJyb2xlIjpbIlJPTEVfQURNSU5JU1RSQVRPUiJdLCJpZCI6NSwic3ViIjoidHJ1bmdraGFuZ3N0ZXZlQGdtYWlsLmNvbSIsImlhdCI6MTcwMjI1NDYzMiwiZXhwIjoxNzAyMzQxMDMyfQ.cXd_BOzoh22m0NSe7pdulBPv4yw5gQcoww9saCBB7wM',5),(8,_binary '',_binary '','eyJhbGciOiJIUzI1NiJ9.eyJ0b2tlbl90eXBlIjoiYWNjZXNzVG9rZW4iLCJyb2xlIjpbIlJPTEVfQURNSU5JU1RSQVRPUiJdLCJpZCI6NSwic3ViIjoidHJ1bmdraGFuZ3N0ZXZlQGdtYWlsLmNvbSIsImlhdCI6MTcwMjI1NDY3OSwiZXhwIjoxNzAyMzQxMDc5fQ.0MwwxxqaIIiJUfA6JQ4c-0zMrg56gYIkmOXjT0VSq2k',5),(9,_binary '',_binary '','eyJhbGciOiJIUzI1NiJ9.eyJ0b2tlbl90eXBlIjoiYWNjZXNzVG9rZW4iLCJyb2xlIjpbIlJPTEVfQURNSU5JU1RSQVRPUiJdLCJpZCI6Miwic3ViIjoiYWRtaW4xQGdtYWlsLmNvbSIsImlhdCI6MTcwMjgzNTE2MSwiZXhwIjoxNzAyOTIxNTYxfQ.fUJ_m1oIp0MZMknm7KbJtXhNwvIG8Q9DlJdveliUxsg',2),(10,_binary '',_binary '','eyJhbGciOiJIUzI1NiJ9.eyJ0b2tlbl90eXBlIjoiYWNjZXNzVG9rZW4iLCJyb2xlIjpbIlJPTEVfQURNSU5JU1RSQVRPUiJdLCJpZCI6NSwic3ViIjoidHJ1bmdraGFuZ3N0ZXZlQGdtYWlsLmNvbSIsImlhdCI6MTcwMjg5OTQ0NywiZXhwIjoxNzAyOTg1ODQ3fQ.N2C9kP8lagv8V5EENWUDbiwX2ByeTGlEh4Zc3mAnv7g',5),(11,_binary '\0',_binary '\0','eyJhbGciOiJIUzI1NiJ9.eyJ0b2tlbl90eXBlIjoiYWNjZXNzVG9rZW4iLCJyb2xlIjpbIlJPTEVfQURNSU5JU1RSQVRPUiJdLCJpZCI6NSwic3ViIjoidHJ1bmdraGFuZ3N0ZXZlQGdtYWlsLmNvbSIsImlhdCI6MTcwMjkwMjU1NSwiZXhwIjoxNzAyOTg4OTU1fQ.XCGfnUY2h4etfQLSYibXHdvebGcHejgYYTZJf1BQrRY',5),(12,_binary '\0',_binary '\0','eyJhbGciOiJIUzI1NiJ9.eyJ0b2tlbl90eXBlIjoiYWNjZXNzVG9rZW4iLCJyb2xlIjpbIlJPTEVfQURNSU5JU1RSQVRPUiJdLCJpZCI6Miwic3ViIjoiYWRtaW4xQGdtYWlsLmNvbSIsImlhdCI6MTcwMjk5ODA2MCwiZXhwIjoxNzAzMDg0NDYwfQ.Brmp28sa7oF2DedYGZQc7y6B0Jn0nNFSVnwQcKAPd-Q',2);
/*!40000 ALTER TABLE `token` ENABLE KEYS */;
UNLOCK TABLES;

--
-- Table structure for table `user`
--

DROP TABLE IF EXISTS `user`;
/*!40101 SET @saved_cs_client     = @@character_set_client */;
/*!50503 SET character_set_client = utf8mb4 */;
CREATE TABLE `user` (
  `id` bigint NOT NULL AUTO_INCREMENT,
  `avatar` varchar(255) DEFAULT NULL,
  `created_at` datetime(6) DEFAULT NULL,
  `email` varchar(255) DEFAULT NULL,
  `first_name` varchar(255) DEFAULT NULL,
  `is_email_active` bit(1) NOT NULL,
  `is_phone_active` bit(1) NOT NULL,
  `last_name` varchar(255) DEFAULT NULL,
  `password` varchar(255) DEFAULT NULL,
  `phone` varchar(255) DEFAULT NULL,
  `dob` datetime(6) DEFAULT NULL,
  `gender` varchar(255) DEFAULT NULL,
  `one_time_password` varchar(255) DEFAULT NULL,
  `otp_requested_time` datetime(6) DEFAULT NULL,
  `is_active` bit(1) NOT NULL,
  PRIMARY KEY (`id`)
) ENGINE=InnoDB AUTO_INCREMENT=8 DEFAULT CHARSET=utf8mb4 COLLATE=utf8mb4_0900_ai_ci;
/*!40101 SET character_set_client = @saved_cs_client */;

--
-- Dumping data for table `user`
--

LOCK TABLES `user` WRITE;
/*!40000 ALTER TABLE `user` DISABLE KEYS */;
INSERT INTO `user` VALUES (1,NULL,'2023-11-30 05:10:21.000000','admin@gmail.com','Admin',_binary '\0',_binary '\0','test','$2a$10$PSSO4Sbb/PZKRhj8biloTunv4nfzbfBc8nW2xIbW8fE7.ea6nbcnC','0123456789','2023-11-30 00:00:00.000000','Nam',NULL,NULL,_binary ''),(2,NULL,'2023-11-30 05:10:17.000000','admin1@gmail.com','Admin',_binary '',_binary '\0','test','$2a$10$hpSUohELIeNRmfsDpgr.pO4FsEF1y8bwqop83q/TRlNmm1qTNFwXG','0216495242','2023-11-03 00:00:00.000000','Nam',NULL,NULL,_binary ''),(5,NULL,'2023-11-30 05:10:20.000000','trungkhangsteve@gmail.com','User',_binary '',_binary '\0','test','$2a$10$9OIF.7GKOaXpNc4Q/RLc3eEGnNZ82AenT5303byT96ks4pdHXpi6i','0245348648','2023-11-08 00:00:00.000000','Nu',NULL,NULL,_binary ''),(7,NULL,NULL,'lmao@gmail.com','khang',_binary '',_binary '\0','thang','$2a$10$RS7F63EDxf.WVEmqhDIRHeT2jk8wfQZQS1dZtjrN1k0I/yWwqsFQa',NULL,NULL,NULL,NULL,NULL,_binary '\0');
/*!40000 ALTER TABLE `user` ENABLE KEYS */;
UNLOCK TABLES;

--
-- Table structure for table `user_address`
--

DROP TABLE IF EXISTS `user_address`;
/*!40101 SET @saved_cs_client     = @@character_set_client */;
/*!50503 SET character_set_client = utf8mb4 */;
CREATE TABLE `user_address` (
  `user_address_id` bigint NOT NULL AUTO_INCREMENT,
  `is_default` bit(1) DEFAULT NULL,
  `address_id` bigint DEFAULT NULL,
  `user_id` bigint DEFAULT NULL,
  PRIMARY KEY (`user_address_id`),
  KEY `FKdaaxogn1ss81gkcsdn05wi6jp` (`address_id`),
  KEY `FKk2ox3w9jm7yd6v1m5f68xibry` (`user_id`),
  CONSTRAINT `FKdaaxogn1ss81gkcsdn05wi6jp` FOREIGN KEY (`address_id`) REFERENCES `address` (`id`),
  CONSTRAINT `FKk2ox3w9jm7yd6v1m5f68xibry` FOREIGN KEY (`user_id`) REFERENCES `user` (`id`)
) ENGINE=InnoDB AUTO_INCREMENT=74 DEFAULT CHARSET=utf8mb4 COLLATE=utf8mb4_0900_ai_ci;
/*!40101 SET character_set_client = @saved_cs_client */;

--
-- Dumping data for table `user_address`
--

LOCK TABLES `user_address` WRITE;
/*!40000 ALTER TABLE `user_address` DISABLE KEYS */;
INSERT INTO `user_address` VALUES (23,_binary '\0',24,2),(24,_binary '\0',25,2),(25,_binary '\0',26,2),(26,_binary '\0',27,2),(27,_binary '\0',31,2),(28,_binary '\0',33,2),(29,_binary '\0',34,2),(30,_binary '\0',35,2),(31,_binary '\0',36,2),(32,_binary '\0',37,2),(33,_binary '\0',38,5),(34,_binary '\0',39,5),(35,_binary '\0',40,5),(36,_binary '\0',41,5),(37,_binary '\0',42,5),(38,_binary '\0',43,5),(39,_binary '\0',44,5),(40,_binary '\0',45,5),(41,_binary '\0',46,5),(42,_binary '\0',47,5),(43,_binary '\0',48,5),(44,_binary '\0',49,5),(45,_binary '\0',50,5),(46,_binary '\0',51,5),(47,_binary '\0',52,5),(48,_binary '\0',53,5),(49,_binary '\0',54,5),(50,_binary '\0',55,5),(51,_binary '\0',56,5),(52,_binary '\0',57,5),(53,_binary '\0',58,5),(54,_binary '\0',59,5),(55,_binary '\0',60,5),(56,_binary '\0',61,5),(57,_binary '\0',62,5),(58,_binary '\0',63,5),(59,_binary '\0',64,5),(60,_binary '\0',65,5),(61,_binary '\0',66,5),(62,_binary '\0',67,5),(63,_binary '\0',68,5),(64,_binary '\0',69,5),(65,_binary '\0',70,5),(66,_binary '\0',71,5),(67,_binary '\0',72,5),(68,_binary '\0',73,5),(69,_binary '\0',74,5),(70,_binary '\0',75,5),(71,_binary '\0',76,5),(72,_binary '\0',77,5),(73,_binary '\0',78,5);
/*!40000 ALTER TABLE `user_address` ENABLE KEYS */;
UNLOCK TABLES;

--
-- Table structure for table `user_payment_method`
--

DROP TABLE IF EXISTS `user_payment_method`;
/*!40101 SET @saved_cs_client     = @@character_set_client */;
/*!50503 SET character_set_client = utf8mb4 */;
CREATE TABLE `user_payment_method` (
  `id` bigint NOT NULL AUTO_INCREMENT,
  `payment_method_id` bigint DEFAULT NULL,
  `user_id` bigint DEFAULT NULL,
  PRIMARY KEY (`id`),
  KEY `FKm3fq7vaahnq9eb7al7cdxh519` (`user_id`),
  KEY `FKjj97m3tgdq73q80p2xh4xe5rn` (`payment_method_id`),
  CONSTRAINT `FKjj97m3tgdq73q80p2xh4xe5rn` FOREIGN KEY (`payment_method_id`) REFERENCES `payment_method` (`id`),
  CONSTRAINT `FKm3fq7vaahnq9eb7al7cdxh519` FOREIGN KEY (`user_id`) REFERENCES `user` (`id`)
) ENGINE=InnoDB AUTO_INCREMENT=6 DEFAULT CHARSET=utf8mb4 COLLATE=utf8mb4_0900_ai_ci;
/*!40101 SET character_set_client = @saved_cs_client */;

--
-- Dumping data for table `user_payment_method`
--

LOCK TABLES `user_payment_method` WRITE;
/*!40000 ALTER TABLE `user_payment_method` DISABLE KEYS */;
INSERT INTO `user_payment_method` VALUES (1,2,2),(4,2,5),(5,1,5);
/*!40000 ALTER TABLE `user_payment_method` ENABLE KEYS */;
UNLOCK TABLES;

--
-- Table structure for table `user_role`
--

DROP TABLE IF EXISTS `user_role`;
/*!40101 SET @saved_cs_client     = @@character_set_client */;
/*!50503 SET character_set_client = utf8mb4 */;
CREATE TABLE `user_role` (
  `user_id` bigint NOT NULL,
  `role_id` bigint NOT NULL,
  PRIMARY KEY (`user_id`,`role_id`),
  KEY `FKa68196081fvovjhkek5m97n3y` (`role_id`),
  CONSTRAINT `FK859n2jvi8ivhui0rl0esws6o` FOREIGN KEY (`user_id`) REFERENCES `user` (`id`),
  CONSTRAINT `FKa68196081fvovjhkek5m97n3y` FOREIGN KEY (`role_id`) REFERENCES `role` (`id`)
) ENGINE=InnoDB DEFAULT CHARSET=utf8mb4 COLLATE=utf8mb4_0900_ai_ci;
/*!40101 SET character_set_client = @saved_cs_client */;

--
-- Dumping data for table `user_role`
--

LOCK TABLES `user_role` WRITE;
/*!40000 ALTER TABLE `user_role` DISABLE KEYS */;
INSERT INTO `user_role` VALUES (1,1),(2,1),(5,1),(7,2);
/*!40000 ALTER TABLE `user_role` ENABLE KEYS */;
UNLOCK TABLES;

--
-- Table structure for table `variation`
--

DROP TABLE IF EXISTS `variation`;
/*!40101 SET @saved_cs_client     = @@character_set_client */;
/*!50503 SET character_set_client = utf8mb4 */;
CREATE TABLE `variation` (
  `variation_id` bigint NOT NULL AUTO_INCREMENT,
  `name` varchar(255) DEFAULT NULL,
  `category_id` bigint DEFAULT NULL,
  PRIMARY KEY (`variation_id`),
  KEY `FKcyhn1nd52sy3lm12vm62f5cmg` (`category_id`),
  CONSTRAINT `FKcyhn1nd52sy3lm12vm62f5cmg` FOREIGN KEY (`category_id`) REFERENCES `category` (`category_id`)
) ENGINE=InnoDB AUTO_INCREMENT=261 DEFAULT CHARSET=utf8mb4 COLLATE=utf8mb4_0900_ai_ci;
/*!40101 SET character_set_client = @saved_cs_client */;

--
-- Dumping data for table `variation`
--

LOCK TABLES `variation` WRITE;
/*!40000 ALTER TABLE `variation` DISABLE KEYS */;
INSERT INTO `variation` VALUES (1,'Kích thước',3),(2,'Màu sắc',3),(3,'Kích thước',4),(4,'Màu sắc',4),(5,'Kích thước',8),(6,'Màu sắc',8),(7,'Kích thước',9),(8,'Màu sắc',9),(9,'Kích thước',10),(10,'Màu sắc',10),(11,'Kích thước',11),(12,'Màu sắc',11),(13,'Kích thước',12),(14,'Màu sắc',12),(15,'Kích thước',13),(16,'Màu sắc',13),(17,'Kích thước',14),(18,'Màu sắc',14),(19,'Kích thước',15),(20,'Màu sắc',15),(21,'Kích thước',16),(22,'Màu sắc',16),(23,'Kích thước',17),(24,'Màu sắc',17),(25,'Kích thước',18),(26,'Màu sắc',18),(27,'Kích thước',19),(28,'Màu sắc',19),(29,'Kích thước',20),(30,'Màu sắc',20),(31,'Kích thước',23),(32,'Màu sắc',23),(33,'Kích thước',24),(34,'Màu sắc',24),(35,'Kích thước',25),(36,'Màu sắc',25),(37,'Kích thước',26),(38,'Màu sắc',26),(39,'Kích thước',27),(40,'Màu sắc',27),(41,'Kích thước',28),(42,'Màu sắc',28),(43,'Kích thước',29),(44,'Màu sắc',29),(45,'Kích thước',30),(46,'Màu sắc',30);
/*!40000 ALTER TABLE `variation` ENABLE KEYS */;
UNLOCK TABLES;

--
-- Table structure for table `variation_option`
--

DROP TABLE IF EXISTS `variation_option`;
/*!40101 SET @saved_cs_client     = @@character_set_client */;
/*!50503 SET character_set_client = utf8mb4 */;
CREATE TABLE `variation_option` (
  `variation_option_id` bigint NOT NULL AUTO_INCREMENT,
  `value` varchar(255) DEFAULT NULL,
  `variation_id` bigint DEFAULT NULL,
  PRIMARY KEY (`variation_option_id`),
  KEY `FKlfkypq92cr21b9mtc7mihks1e` (`variation_id`),
  CONSTRAINT `FKlfkypq92cr21b9mtc7mihks1e` FOREIGN KEY (`variation_id`) REFERENCES `variation` (`variation_id`)
) ENGINE=InnoDB AUTO_INCREMENT=472 DEFAULT CHARSET=utf8mb4 COLLATE=utf8mb4_0900_ai_ci;
/*!40101 SET character_set_client = @saved_cs_client */;

--
-- Dumping data for table `variation_option`
--

LOCK TABLES `variation_option` WRITE;
/*!40000 ALTER TABLE `variation_option` DISABLE KEYS */;
INSERT INTO `variation_option` VALUES (425,'38',3),(426,'Nâu',4),(427,'39',3),(428,'40',3),(429,'41',3),(430,'42',3),(431,'43',3),(432,'44',3),(433,'Đen',4),(434,'Kem',4),(435,'Xám',4),(436,'Xanh Nhớt',4),(437,'38',5),(438,'Đen',6),(439,'39',5),(440,'40',5),(441,'41',5),(442,'42',5),(443,'43',5),(444,'44',5),(445,'Trắng',6),(446,'Xám',6),(447,'Đỏ',6),(448,'20',5),(449,'21',5),(450,'55',5),(451,'Hồng',6),(452,'56',5),(453,'Dạ Quang',6),(454,'57',5),(455,'Xanh Rêu',6),(456,'58',5),(457,'Xanh Biển',6),(458,'59',5),(459,'Hồng Đô',6),(460,'45',5),(461,'Cam',6),(462,'Vàng',6),(463,'Xanh Mi Nơ',6),(464,'Xanh Dương',6),(465,'35',5),(466,'36',5),(467,'37',5),(468,'Xanh Nhớt',6),(469,'Nâu',6),(470,'Kem',6),(471,'Rêu',6);
/*!40000 ALTER TABLE `variation_option` ENABLE KEYS */;
UNLOCK TABLES;
/*!40103 SET TIME_ZONE=@OLD_TIME_ZONE */;

/*!40101 SET SQL_MODE=@OLD_SQL_MODE */;
/*!40014 SET FOREIGN_KEY_CHECKS=@OLD_FOREIGN_KEY_CHECKS */;
/*!40014 SET UNIQUE_CHECKS=@OLD_UNIQUE_CHECKS */;
/*!40101 SET CHARACTER_SET_CLIENT=@OLD_CHARACTER_SET_CLIENT */;
/*!40101 SET CHARACTER_SET_RESULTS=@OLD_CHARACTER_SET_RESULTS */;
/*!40101 SET COLLATION_CONNECTION=@OLD_COLLATION_CONNECTION */;
/*!40111 SET SQL_NOTES=@OLD_SQL_NOTES */;

-- Dump completed on 2023-12-19 22:04:28
